Company,Ticker,Sector,Year,Quarter,Period,Revenue_USD_M,COGS_USD_M,Gross_Profit_USD_M,SGA_Expense_USD_M,RD_Expense_USD_M,EBITDA_USD_M,DA_USD_M,EBIT_USD_M,Interest_Expense_USD_M,EBT_USD_M,Net_Income_USD_M,CFO_USD_M,Capex_USD_M,FCF_USD_M,Cash_USD_M,Total_Assets_USD_M,Total_Debt_USD_M,Equity_USD_M,Gross_Margin_Pct,EBITDA_Margin_Pct,Net_Margin_Pct,FCF_Margin_Pct
Apple Inc.,AAPL,Technology,2015,Q1,2015-Q1,86.22,47.91,38.31,8.53,6.98,22.8,3.99,18.81,0.63,18.18,14.84,22.21,6.56,15.65,14.22,105.77,38.02,17.09,44.43,26.45,17.21,18.15
Apple Inc.,AAPL,Technology,2015,Q2,2015-Q2,86.98,36.85,50.13,6.62,5.42,38.1,4.54,33.56,1.12,32.44,25.62,29.58,6.67,22.91,8.41,137.42,22.61,93.19,57.64,43.8,29.46,26.33
Apple Inc.,AAPL,Technology,2015,Q3,2015-Q3,95.6,40.91,54.69,9.01,7.37,38.3,6.09,32.21,0.54,31.67,24.62,29.15,4.2,24.95,18.53,234.72,37.52,167.0,57.21,40.07,25.75,26.1
Apple Inc.,AAPL,Technology,2015,Q4,2015-Q4,96.17,52.34,43.83,8.68,7.1,28.06,4.32,23.74,1.2,22.55,18.44,26.86,5.34,21.52,15.34,154.38,29.43,94.14,45.58,29.18,19.17,22.38
Apple Inc.,AAPL,Technology,2016,Q1,2016-Q1,88.12,53.99,34.13,9.57,7.83,16.72,6.84,9.89,1.62,8.26,6.43,17.12,3.99,13.13,9.12,110.93,21.82,69.72,38.73,18.98,7.3,14.9
Apple Inc.,AAPL,Technology,2016,Q2,2016-Q2,93.41,54.07,39.33,8.0,6.54,24.79,4.79,20.01,1.23,18.78,15.21,23.19,4.15,19.04,18.53,205.86,19.58,176.38,42.11,26.54,16.29,20.38
Apple Inc.,AAPL,Technology,2016,Q3,2016-Q3,102.47,56.32,46.15,10.87,8.89,26.38,7.26,19.12,0.63,18.49,14.7,19.84,9.41,10.43,15.86,167.04,17.32,135.66,45.04,25.75,14.35,10.18
Apple Inc.,AAPL,Technology,2016,Q4,2016-Q4,104.34,57.92,46.42,10.55,8.63,27.25,7.88,19.37,1.26,18.11,14.7,25.4,8.94,16.46,15.37,229.78,31.11,166.86,44.49,26.11,14.09,15.78
Apple Inc.,AAPL,Technology,2017,Q1,2017-Q1,95.69,36.95,58.74,6.88,5.63,46.23,3.95,42.28,1.39,40.89,32.63,37.6,9.04,28.56,10.52,165.88,36.04,103.57,61.39,48.31,34.1,29.85
Apple Inc.,AAPL,Technology,2017,Q2,2017-Q2,98.76,44.4,54.36,7.39,6.05,40.92,7.62,33.3,1.69,31.61,24.52,36.06,8.71,27.35,10.11,233.1,30.79,162.05,55.05,41.43,24.82,27.69
Apple Inc.,AAPL,Technology,2017,Q3,2017-Q3,110.16,50.27,59.89,7.94,6.49,45.46,5.41,40.05,1.26,38.79,29.59,39.28,4.45,34.83,15.56,191.96,23.86,153.31,54.37,41.27,26.86,31.62
Apple Inc.,AAPL,Technology,2017,Q4,2017-Q4,111.72,67.74,43.99,9.36,7.66,26.97,6.79,20.18,1.74,18.44,14.65,26.78,10.92,15.86,12.31,206.29,26.84,158.38,39.37,24.14,13.12,14.19
Apple Inc.,AAPL,Technology,2018,Q1,2018-Q1,99.97,52.62,47.36,9.36,7.66,30.34,4.2,26.13,0.92,25.21,19.07,22.19,4.87,17.33,13.87,248.07,22.26,199.73,47.37,30.34,19.08,17.33
Apple Inc.,AAPL,Technology,2018,Q2,2018-Q2,110.12,48.13,62.0,11.68,9.56,40.76,6.02,34.74,1.6,33.14,25.71,33.15,5.0,28.15,19.85,178.07,22.68,143.12,56.3,37.01,23.34,25.56
Apple Inc.,AAPL,Technology,2018,Q3,2018-Q3,115.75,62.81,52.94,7.75,6.34,38.86,7.0,31.86,0.97,30.89,23.93,29.08,9.43,19.65,14.63,279.87,22.14,239.11,45.74,33.57,20.68,16.97
Apple Inc.,AAPL,Technology,2018,Q4,2018-Q4,117.92,70.98,46.94,13.47,11.02,22.44,5.93,16.51,1.76,14.75,11.25,18.89,8.46,10.42,12.86,155.77,49.43,37.13,39.81,19.03,9.54,8.84
Apple Inc.,AAPL,Technology,2019,Q1,2019-Q1,110.9,51.17,59.74,9.45,7.73,42.56,7.66,34.9,2.05,32.85,24.9,36.15,8.71,27.44,9.99,156.39,46.53,58.37,53.86,38.37,22.45,24.74
Apple Inc.,AAPL,Technology,2019,Q2,2019-Q2,112.59,45.53,67.06,11.54,9.44,46.08,4.53,41.56,0.83,40.72,31.83,39.21,8.91,30.3,12.04,239.35,24.9,193.89,59.56,40.93,28.27,26.91
Apple Inc.,AAPL,Technology,2019,Q3,2019-Q3,125.0,66.99,58.01,14.09,11.53,32.4,8.29,24.11,1.69,22.42,18.24,26.45,6.99,19.46,13.66,308.12,33.49,228.01,46.41,25.92,14.59,15.57
Apple Inc.,AAPL,Technology,2019,Q4,2019-Q4,130.18,74.3,55.88,12.19,9.97,33.71,8.21,25.5,1.61,23.89,19.26,31.09,7.4,23.69,10.79,265.45,26.44,200.91,42.92,25.9,14.8,18.2
Apple Inc.,AAPL,Technology,2020,Q1,2020-Q1,120.93,72.51,48.42,10.44,8.54,29.44,4.91,24.52,2.29,22.24,17.57,28.2,11.83,16.37,22.05,191.41,32.11,115.91,40.04,24.34,14.53,13.54
Apple Inc.,AAPL,Technology,2020,Q2,2020-Q2,122.76,51.64,71.12,11.86,9.7,49.55,9.51,40.04,1.9,38.15,29.76,36.54,9.44,27.1,24.41,169.67,37.5,80.51,57.93,40.36,24.24,22.07
Apple Inc.,AAPL,Technology,2020,Q3,2020-Q3,133.7,73.17,60.53,13.99,11.45,35.09,7.27,27.82,1.26,26.56,20.28,32.2,12.3,19.9,25.35,249.32,40.17,157.0,45.27,26.25,15.17,14.88
Apple Inc.,AAPL,Technology,2020,Q4,2020-Q4,139.44,76.48,62.96,15.31,12.52,35.13,10.54,24.59,1.4,23.19,18.4,25.81,10.42,15.39,11.76,251.73,43.62,173.81,45.15,25.19,13.2,11.04
Apple Inc.,AAPL,Technology,2021,Q1,2021-Q1,126.65,49.05,77.59,8.62,7.05,61.92,9.23,52.69,1.32,51.37,41.67,52.39,10.92,41.48,13.41,254.53,22.24,220.02,61.27,48.89,32.9,32.75
Apple Inc.,AAPL,Technology,2021,Q2,2021-Q2,133.06,67.83,65.23,13.45,11.0,40.78,9.19,31.6,2.61,28.98,22.72,31.35,11.67,19.68,14.97,235.6,23.09,200.38,49.02,30.65,17.07,14.79
Apple Inc.,AAPL,Technology,2021,Q3,2021-Q3,144.94,84.15,60.78,15.11,12.37,33.3,8.17,25.13,1.1,24.03,19.44,26.16,10.57,15.59,24.02,298.31,33.91,215.06,41.94,22.98,13.41,10.76
Apple Inc.,AAPL,Technology,2021,Q4,2021-Q4,149.98,76.94,73.03,14.94,12.23,45.86,8.52,37.34,1.31,36.04,28.65,41.76,6.13,35.63,14.09,188.94,24.33,131.64,48.7,30.58,19.1,23.76
Apple Inc.,AAPL,Technology,2022,Q1,2022-Q1,136.42,67.36,69.06,9.74,7.97,51.35,8.14,43.21,1.65,41.56,33.58,42.36,8.72,33.64,21.0,276.33,22.32,234.5,50.62,37.64,24.61,24.66
Apple Inc.,AAPL,Technology,2022,Q2,2022-Q2,143.17,71.69,71.48,16.19,13.25,42.03,9.5,32.54,1.07,31.47,25.65,38.21,5.95,32.26,21.52,346.8,46.19,259.58,49.92,29.36,17.92,22.53
Apple Inc.,AAPL,Technology,2022,Q3,2022-Q3,152.18,74.57,77.62,14.61,11.95,51.05,11.82,39.23,1.64,37.59,28.3,46.57,7.88,38.7,13.44,202.56,23.66,164.84,51.0,33.55,18.59,25.43
Apple Inc.,AAPL,Technology,2022,Q4,2022-Q4,159.95,63.51,96.44,13.36,10.93,72.14,11.8,60.34,0.86,59.48,45.38,55.99,7.53,48.46,26.17,322.72,66.1,174.98,60.29,45.1,28.37,30.3
Apple Inc.,AAPL,Technology,2023,Q1,2023-Q1,146.83,65.73,81.09,11.12,9.1,60.87,10.28,50.59,2.51,48.08,36.09,46.81,9.15,37.66,25.43,241.24,63.02,92.61,55.23,41.46,24.58,25.65
Apple Inc.,AAPL,Technology,2023,Q2,2023-Q2,151.39,84.81,66.58,16.27,13.32,36.99,6.68,30.31,2.81,27.5,21.58,33.73,8.96,24.77,28.38,258.27,23.2,202.46,43.98,24.43,14.25,16.36
Apple Inc.,AAPL,Technology,2023,Q3,2023-Q3,157.48,71.91,85.57,18.62,15.24,51.71,12.29,39.42,2.14,37.28,28.92,42.14,9.07,33.07,18.81,326.67,59.17,191.08,54.34,32.84,18.37,21.0
Apple Inc.,AAPL,Technology,2023,Q4,2023-Q4,172.22,69.21,103.01,16.05,13.13,73.83,7.29,66.54,2.28,64.26,50.71,65.06,10.52,54.54,16.2,238.68,65.18,100.62,59.81,42.87,29.44,31.67
Microsoft Corp.,MSFT,Technology,2015,Q1,2015-Q1,37.68,20.66,17.02,2.64,2.16,12.23,2.75,9.48,0.59,8.89,7.24,9.11,3.74,5.37,4.71,63.36,14.84,27.05,45.18,32.45,19.22,14.27
Microsoft Corp.,MSFT,Technology,2015,Q2,2015-Q2,41.93,23.51,18.41,3.63,2.97,11.81,1.82,9.99,0.7,9.29,7.25,9.24,3.96,5.28,3.91,77.16,6.43,64.5,43.92,28.16,17.3,12.59
Microsoft Corp.,MSFT,Technology,2015,Q3,2015-Q3,42.11,17.2,24.91,3.05,2.5,19.36,2.78,16.58,0.68,15.9,12.39,17.14,2.63,14.51,4.81,98.08,9.14,75.56,59.15,45.97,29.42,34.46
Microsoft Corp.,MSFT,Technology,2015,Q4,2015-Q4,44.03,26.98,17.05,3.01,2.46,11.58,3.33,8.25,0.57,7.68,5.76,8.03,3.22,4.81,8.64,82.78,14.92,50.02,38.72,26.29,13.08,10.92
Microsoft Corp.,MSFT,Technology,2016,Q1,2016-Q1,40.39,21.43,18.96,3.96,3.24,11.75,3.07,8.68,0.23,8.45,6.76,11.69,3.77,7.92,5.44,81.02,9.42,65.12,46.94,29.1,16.75,19.61
Microsoft Corp.,MSFT,Technology,2016,Q2,2016-Q2,42.61,19.8,22.8,4.18,3.42,15.2,1.84,13.37,0.84,12.53,9.41,12.35,3.07,9.27,4.99,96.2,15.14,71.02,53.52,35.68,22.09,21.77
Microsoft Corp.,MSFT,Technology,2016,Q3,2016-Q3,46.46,26.83,19.63,5.49,4.49,9.65,3.21,6.44,0.66,5.78,4.57,9.85,4.27,5.58,3.97,57.34,12.22,29.12,42.26,20.76,9.84,12.0
Microsoft Corp.,MSFT,Technology,2016,Q4,2016-Q4,48.93,20.36,28.57,4.83,3.95,19.79,2.7,17.09,0.96,16.13,12.28,16.79,3.33,13.46,6.35,76.11,8.17,56.8,58.39,40.45,25.09,27.51
Microsoft Corp.,MSFT,Technology,2017,Q1,2017-Q1,43.24,26.81,16.44,5.22,4.27,6.94,2.69,4.25,0.72,3.53,2.66,6.99,2.37,4.62,5.8,59.15,18.86,19.42,38.01,16.04,6.16,10.69
Microsoft Corp.,MSFT,Technology,2017,Q2,2017-Q2,44.02,23.83,20.2,4.4,3.6,12.19,2.39,9.8,0.3,9.51,7.35,10.25,3.8,6.45,6.27,101.6,13.89,72.97,45.88,27.7,16.69,14.65
Microsoft Corp.,MSFT,Technology,2017,Q3,2017-Q3,48.59,23.17,25.42,3.57,2.92,18.94,2.0,16.94,0.79,16.15,12.54,15.82,2.56,13.25,4.68,59.23,12.4,33.32,52.32,38.98,25.8,27.27
Microsoft Corp.,MSFT,Technology,2017,Q4,2017-Q4,49.51,24.01,25.5,5.73,4.69,15.08,2.67,12.41,0.63,11.78,9.01,11.77,3.83,7.94,9.08,120.51,9.61,97.2,51.5,30.46,18.21,16.04
Microsoft Corp.,MSFT,Technology,2018,Q1,2018-Q1,44.47,19.65,24.81,4.06,3.32,17.44,3.52,13.91,0.55,13.36,10.65,15.09,2.42,12.67,3.96,60.81,8.38,46.97,55.8,39.21,23.95,28.5
Microsoft Corp.,MSFT,Technology,2018,Q2,2018-Q2,45.89,24.5,21.39,3.49,2.85,15.05,2.47,12.58,0.85,11.73,9.23,12.78,2.31,10.47,4.73,57.5,9.21,41.13,46.62,32.8,20.12,22.81
Microsoft Corp.,MSFT,Technology,2018,Q3,2018-Q3,48.84,19.6,29.24,3.55,2.9,22.79,2.85,19.94,0.4,19.54,15.53,18.88,3.98,14.91,4.14,109.37,16.53,83.23,59.87,46.66,31.79,30.52
Microsoft Corp.,MSFT,Technology,2018,Q4,2018-Q4,53.39,32.09,21.3,3.7,3.03,14.57,2.73,11.84,0.91,10.93,8.39,10.3,2.81,7.5,6.65,97.71,17.91,64.23,39.9,27.29,15.71,14.04
Microsoft Corp.,MSFT,Technology,2019,Q1,2019-Q1,46.52,26.02,20.5,3.16,2.59,14.74,2.33,12.41,0.73,11.68,8.85,11.69,3.35,8.34,4.32,82.88,14.41,57.77,44.06,31.69,19.02,17.93
Microsoft Corp.,MSFT,Technology,2019,Q2,2019-Q2,48.48,22.81,25.67,3.25,2.66,19.75,2.56,17.19,0.4,16.79,13.39,14.96,4.53,10.43,7.33,100.98,18.75,63.51,52.95,40.74,27.61,21.51
Microsoft Corp.,MSFT,Technology,2019,Q3,2019-Q3,50.91,25.91,25.0,5.0,4.09,15.9,3.55,12.35,0.58,11.77,9.54,12.73,3.15,9.58,8.02,98.86,13.07,66.35,49.11,31.24,18.75,18.82
Microsoft Corp.,MSFT,Technology,2019,Q4,2019-Q4,55.08,24.07,31.02,3.94,3.23,23.84,2.54,21.3,0.48,20.83,16.84,18.55,3.15,15.41,5.55,130.31,9.59,110.9,56.31,43.29,30.58,27.97
Microsoft Corp.,MSFT,Technology,2020,Q1,2020-Q1,48.61,29.93,18.68,3.51,2.87,12.3,2.72,9.58,0.95,8.63,6.55,10.99,2.7,8.29,4.89,100.58,20.84,57.71,38.42,25.3,13.48,17.07
Microsoft Corp.,MSFT,Technology,2020,Q2,2020-Q2,51.75,23.14,28.61,5.61,4.59,18.41,2.46,15.96,0.51,15.45,12.21,15.21,2.82,12.39,4.85,103.17,12.24,77.69,55.28,35.59,23.59,23.94
Microsoft Corp.,MSFT,Technology,2020,Q3,2020-Q3,53.58,26.55,27.03,5.11,4.18,17.75,2.25,15.49,0.54,14.96,12.12,13.04,5.33,7.72,6.36,120.7,12.13,94.24,50.45,33.13,22.63,14.4
Microsoft Corp.,MSFT,Technology,2020,Q4,2020-Q4,58.26,30.47,27.79,5.36,4.38,18.06,3.29,14.76,0.6,14.17,10.7,16.11,5.7,10.41,5.53,125.27,25.14,83.01,47.7,30.99,18.36,17.86
Microsoft Corp.,MSFT,Technology,2021,Q1,2021-Q1,49.89,27.83,22.06,4.87,3.98,13.2,3.68,9.53,0.35,9.17,7.01,10.0,2.49,7.51,4.97,112.69,17.44,77.41,44.21,26.47,14.06,15.06
Microsoft Corp.,MSFT,Technology,2021,Q2,2021-Q2,53.54,31.62,21.93,4.69,3.84,13.4,3.89,9.51,0.62,8.89,7.05,11.32,3.11,8.21,9.09,99.25,11.76,71.02,40.95,25.02,13.17,15.33
Microsoft Corp.,MSFT,Technology,2021,Q3,2021-Q3,56.94,29.07,27.88,6.6,5.4,15.88,3.7,12.18,0.38,11.8,8.9,13.75,3.42,10.33,5.51,127.11,19.13,88.2,48.95,27.89,15.63,18.13
Microsoft Corp.,MSFT,Technology,2021,Q4,2021-Q4,61.55,35.04,26.51,4.58,3.74,18.19,3.23,14.96,0.54,14.43,11.08,12.63,4.57,8.06,10.56,144.01,15.55,107.92,43.07,29.56,18.0,13.09
Microsoft Corp.,MSFT,Technology,2022,Q1,2022-Q1,52.43,30.57,21.85,3.83,3.13,14.89,2.93,11.96,0.89,11.08,8.97,11.28,4.37,6.92,8.72,106.61,18.78,68.25,41.69,28.41,17.1,13.19
Microsoft Corp.,MSFT,Technology,2022,Q2,2022-Q2,55.76,25.81,29.94,4.24,3.47,22.24,4.26,17.98,0.77,17.22,13.63,18.28,5.4,12.88,5.49,109.4,16.83,73.87,53.7,39.89,24.45,23.1
Microsoft Corp.,MSFT,Technology,2022,Q3,2022-Q3,58.36,34.39,23.97,6.84,5.6,11.53,3.65,7.87,0.9,6.97,5.27,10.47,2.87,7.6,8.71,116.07,16.18,79.88,41.07,19.75,9.02,13.02
Microsoft Corp.,MSFT,Technology,2022,Q4,2022-Q4,64.66,38.93,25.73,5.87,4.8,15.05,2.88,12.17,1.28,10.89,8.29,9.88,6.16,3.72,11.92,121.2,21.17,81.01,39.79,23.28,12.83,5.75
Microsoft Corp.,MSFT,Technology,2023,Q1,2023-Q1,54.76,25.21,29.55,6.03,4.94,18.58,2.2,16.38,0.55,15.83,12.54,15.45,5.21,10.24,6.66,90.41,20.33,50.72,53.96,33.93,22.9,18.7
Microsoft Corp.,MSFT,Technology,2023,Q2,2023-Q2,58.34,28.5,29.84,4.3,3.52,22.01,2.75,19.27,0.73,18.54,14.66,19.92,3.6,16.32,8.73,117.96,8.98,98.53,51.14,37.73,25.13,27.98
Microsoft Corp.,MSFT,Technology,2023,Q3,2023-Q3,61.77,37.72,24.05,4.58,3.75,15.72,3.5,12.22,0.39,11.84,8.88,13.0,4.68,8.33,5.44,134.35,13.16,102.81,38.93,25.45,14.38,13.48
Microsoft Corp.,MSFT,Technology,2023,Q4,2023-Q4,64.88,27.62,37.26,4.41,3.61,29.23,3.82,25.41,0.87,24.54,20.01,25.91,4.36,21.55,9.27,115.03,17.53,78.92,57.42,45.06,30.84,33.21
Amazon.com Inc.,AMZN,Consumer Discretionary,2015,Q1,2015-Q1,106.04,62.23,43.81,12.52,10.24,21.05,5.82,15.23,0.96,14.27,11.06,17.17,4.4,12.77,10.47,225.94,36.87,169.64,41.32,19.86,10.43,12.04
Amazon.com Inc.,AMZN,Consumer Discretionary,2015,Q2,2015-Q2,112.07,48.8,63.27,11.54,9.44,42.29,4.57,37.72,0.74,36.98,28.26,31.07,8.87,22.19,12.17,148.98,24.99,93.45,56.45,37.74,25.21,19.8
Amazon.com Inc.,AMZN,Consumer Discretionary,2015,Q3,2015-Q3,123.61,71.6,52.01,10.86,8.88,32.27,8.25,24.02,1.0,23.02,18.4,31.81,5.04,26.77,11.16,181.73,19.53,148.9,42.07,26.1,14.89,21.65
Amazon.com Inc.,AMZN,Consumer Discretionary,2015,Q4,2015-Q4,127.53,61.36,66.17,14.68,12.01,39.48,9.27,30.21,1.29,28.92,23.19,32.51,9.62,22.89,14.3,256.52,34.79,185.12,51.89,30.96,18.18,17.95
Amazon.com Inc.,AMZN,Consumer Discretionary,2016,Q1,2016-Q1,113.33,51.07,62.26,13.39,10.96,37.91,7.99,29.91,0.8,29.11,22.1,31.11,10.62,20.5,19.94,198.64,17.76,167.23,54.93,33.45,19.5,18.09
Amazon.com Inc.,AMZN,Consumer Discretionary,2016,Q2,2016-Q2,120.25,63.98,56.27,9.64,7.89,38.74,5.48,33.26,2.11,31.15,23.4,30.33,6.05,24.28,13.55,147.17,51.02,64.64,46.8,32.22,19.46,20.19
Amazon.com Inc.,AMZN,Consumer Discretionary,2016,Q3,2016-Q3,127.95,57.04,70.92,12.34,10.1,48.47,8.45,40.02,2.23,37.79,30.44,35.16,6.17,29.0,24.06,298.91,42.13,210.42,55.42,37.88,23.79,22.66
Amazon.com Inc.,AMZN,Consumer Discretionary,2016,Q4,2016-Q4,134.87,56.93,77.95,15.68,12.83,49.43,7.65,41.77,1.45,40.32,31.6,35.72,6.74,28.97,22.73,176.37,44.64,98.46,57.79,36.65,23.43,21.48
Amazon.com Inc.,AMZN,Consumer Discretionary,2017,Q1,2017-Q1,118.93,53.44,65.5,10.18,8.33,47.0,8.18,38.82,1.12,37.69,29.41,38.55,9.49,29.06,22.89,255.99,25.51,216.93,55.07,39.51,24.73,24.43
Amazon.com Inc.,AMZN,Consumer Discretionary,2017,Q2,2017-Q2,124.44,65.06,59.38,8.56,7.01,43.81,7.45,36.36,1.74,34.62,27.58,38.97,5.77,33.2,11.08,267.12,37.16,185.79,47.72,35.2,22.16,26.68
Amazon.com Inc.,AMZN,Consumer Discretionary,2017,Q3,2017-Q3,133.52,58.63,74.89,14.83,12.13,47.93,9.61,38.32,2.06,36.26,29.04,40.95,8.23,32.72,12.15,319.45,25.51,256.95,56.09,35.9,21.75,24.5
Amazon.com Inc.,AMZN,Consumer Discretionary,2017,Q4,2017-Q4,140.1,59.46,80.64,13.42,10.98,56.23,10.5,45.74,2.24,43.5,33.21,46.89,11.42,35.47,25.48,213.59,41.58,142.01,57.56,40.14,23.71,25.31
Amazon.com Inc.,AMZN,Consumer Discretionary,2018,Q1,2018-Q1,129.69,78.67,51.02,8.84,7.23,34.95,8.85,26.1,2.45,23.65,19.1,29.95,12.31,17.64,10.9,273.22,31.02,198.01,39.34,26.95,14.72,13.6
Amazon.com Inc.,AMZN,Consumer Discretionary,2018,Q2,2018-Q2,136.61,82.87,53.74,12.58,10.29,30.87,10.17,20.69,2.41,18.28,14.58,29.72,5.77,23.95,20.7,204.78,25.43,164.67,39.34,22.6,10.67,17.53
Amazon.com Inc.,AMZN,Consumer Discretionary,2018,Q3,2018-Q3,142.73,65.88,76.85,15.11,12.36,49.38,6.08,43.3,1.39,41.91,32.78,43.61,8.44,35.17,22.14,335.68,47.78,252.87,53.84,34.6,22.97,24.64
Amazon.com Inc.,AMZN,Consumer Discretionary,2018,Q4,2018-Q4,143.7,84.61,59.09,9.65,7.9,41.54,10.78,30.76,1.86,28.9,21.8,37.45,14.35,23.1,17.54,315.76,38.88,238.78,41.12,28.9,15.17,16.07
Amazon.com Inc.,AMZN,Consumer Discretionary,2019,Q1,2019-Q1,133.63,78.8,54.83,16.05,13.13,25.64,9.45,16.19,1.51,14.69,11.61,24.94,7.26,17.68,12.46,221.95,31.56,165.26,41.03,19.19,8.69,13.23
Amazon.com Inc.,AMZN,Consumer Discretionary,2019,Q2,2019-Q2,137.58,53.67,83.91,9.22,7.54,67.16,10.94,56.22,1.57,54.65,43.34,57.63,7.31,50.33,26.69,305.75,24.33,259.09,60.99,48.81,31.5,36.58
Amazon.com Inc.,AMZN,Consumer Discretionary,2019,Q3,2019-Q3,151.84,92.13,59.71,13.93,11.39,34.4,9.8,24.6,1.14,23.46,17.61,25.67,14.66,11.0,23.98,302.18,46.13,222.34,39.33,22.65,11.6,7.25
Amazon.com Inc.,AMZN,Consumer Discretionary,2019,Q4,2019-Q4,152.65,66.09,86.57,11.64,9.52,65.4,10.87,54.54,1.56,52.97,43.22,61.34,14.2,47.14,29.21,380.62,30.86,322.1,56.71,42.84,28.31,30.88
Amazon.com Inc.,AMZN,Consumer Discretionary,2020,Q1,2020-Q1,141.73,77.53,64.2,10.55,8.63,45.01,10.29,34.71,1.19,33.53,26.97,39.1,10.71,28.39,21.2,186.93,58.57,83.52,45.3,31.76,19.03,20.03
Amazon.com Inc.,AMZN,Consumer Discretionary,2020,Q2,2020-Q2,143.88,85.36,58.51,17.06,13.96,27.5,10.72,16.78,2.47,14.32,11.08,23.82,6.51,17.32,18.56,242.36,32.79,169.45,40.67,19.11,7.7,12.04
Amazon.com Inc.,AMZN,Consumer Discretionary,2020,Q3,2020-Q3,156.21,62.4,93.81,12.2,9.98,71.63,10.52,61.11,0.96,60.15,45.74,57.76,10.75,47.01,23.6,354.92,39.73,268.39,60.05,45.85,29.28,30.09
Amazon.com Inc.,AMZN,Consumer Discretionary,2020,Q4,2020-Q4,164.48,73.04,91.44,18.8,15.39,57.25,11.83,45.42,2.45,42.97,32.68,50.98,13.57,37.41,29.68,346.51,58.23,223.14,55.59,34.81,19.87,22.75
Amazon.com Inc.,AMZN,Consumer Discretionary,2021,Q1,2021-Q1,149.11,62.34,86.77,17.06,13.96,55.74,11.16,44.58,0.81,43.77,33.36,41.59,8.96,32.63,25.23,210.09,58.95,72.6,58.19,37.38,22.37,21.88
Amazon.com Inc.,AMZN,Consumer Discretionary,2021,Q2,2021-Q2,154.93,59.11,95.82,12.67,10.37,72.78,10.02,62.76,3.05,59.71,46.32,54.91,12.09,42.82,22.43,342.98,28.21,279.2,61.85,46.98,29.9,27.64
Amazon.com Inc.,AMZN,Consumer Discretionary,2021,Q3,2021-Q3,164.85,100.74,64.11,13.98,11.44,38.69,10.77,27.92,3.13,24.79,20.15,38.33,13.4,24.94,14.53,262.31,59.75,168.67,38.89,23.47,12.23,15.13
Amazon.com Inc.,AMZN,Consumer Discretionary,2021,Q4,2021-Q4,173.27,80.23,93.05,17.35,14.2,61.49,7.25,54.25,3.13,51.11,38.43,53.91,14.72,39.19,16.57,378.73,27.27,337.22,53.7,35.49,22.18,22.62
Amazon.com Inc.,AMZN,Consumer Discretionary,2022,Q1,2022-Q1,152.94,76.05,76.89,16.57,13.56,46.75,10.3,36.45,1.79,34.67,27.76,45.67,10.03,35.64,20.52,216.06,59.41,85.74,50.27,30.57,18.15,23.31
Amazon.com Inc.,AMZN,Consumer Discretionary,2022,Q2,2022-Q2,160.25,64.06,96.19,16.57,13.56,66.05,10.61,55.45,1.46,53.99,40.68,48.41,10.57,37.84,30.97,279.74,54.73,175.87,60.02,41.22,25.38,23.62
Amazon.com Inc.,AMZN,Consumer Discretionary,2022,Q3,2022-Q3,170.72,105.19,65.53,15.11,12.36,38.05,12.93,25.12,1.44,23.68,19.06,27.3,13.5,13.8,21.21,396.69,49.84,273.66,38.38,22.29,11.17,8.08
Amazon.com Inc.,AMZN,Consumer Discretionary,2022,Q4,2022-Q4,178.04,104.77,73.27,19.35,15.84,38.08,12.61,25.47,3.15,22.32,17.11,33.3,8.52,24.78,14.94,426.77,59.64,289.8,41.15,21.39,9.61,13.92
Amazon.com Inc.,AMZN,Consumer Discretionary,2023,Q1,2023-Q1,162.5,66.33,96.18,11.84,9.69,74.64,10.96,63.68,1.86,61.82,49.83,62.3,7.13,55.17,24.35,251.83,63.26,137.31,59.18,45.93,30.66,33.95
Amazon.com Inc.,AMZN,Consumer Discretionary,2023,Q2,2023-Q2,171.06,65.48,105.58,11.97,9.79,83.81,9.53,74.29,2.09,72.2,56.17,64.56,13.98,50.58,31.34,378.7,27.69,323.85,61.72,49.0,32.84,29.57
Amazon.com Inc.,AMZN,Consumer Discretionary,2023,Q3,2023-Q3,177.81,77.9,99.92,21.39,17.5,61.03,8.13,52.91,2.22,50.69,39.37,52.15,13.08,39.07,14.43,288.84,54.29,202.64,56.19,34.32,22.14,21.97
Amazon.com Inc.,AMZN,Consumer Discretionary,2023,Q4,2023-Q4,189.26,73.43,115.83,13.31,10.89,91.64,10.58,81.06,1.32,79.74,62.22,77.55,16.66,60.89,19.69,268.32,34.33,194.99,61.2,48.42,32.87,32.17
Alphabet Inc.,GOOGL,Communication Services,2015,Q1,2015-Q1,57.45,34.74,22.71,3.96,3.24,15.52,3.54,11.98,0.9,11.08,8.41,13.51,5.06,8.45,6.94,129.79,10.0,105.85,39.53,27.01,14.64,14.7
Alphabet Inc.,GOOGL,Communication Services,2015,Q2,2015-Q2,62.5,36.01,26.49,5.68,4.65,16.16,4.11,12.05,0.81,11.25,8.65,11.29,2.73,8.56,6.85,87.96,25.72,43.74,42.38,25.86,13.84,13.7
Alphabet Inc.,GOOGL,Communication Services,2015,Q3,2015-Q3,68.07,31.37,36.7,5.17,4.23,27.29,4.87,22.42,1.01,21.4,16.81,22.66,5.66,17.0,7.31,169.84,30.12,105.09,53.91,40.09,24.69,24.98
Alphabet Inc.,GOOGL,Communication Services,2015,Q4,2015-Q4,68.14,37.02,31.12,4.77,3.9,22.45,2.81,19.64,0.6,19.04,15.0,20.49,5.7,14.8,11.52,119.46,17.29,87.1,45.67,32.95,22.01,21.71
Alphabet Inc.,GOOGL,Communication Services,2016,Q1,2016-Q1,66.71,25.99,40.72,7.58,6.21,26.93,4.21,22.72,0.77,21.94,16.88,21.69,6.16,15.52,12.55,116.63,15.55,84.1,61.04,40.37,25.3,23.27
Alphabet Inc.,GOOGL,Communication Services,2016,Q2,2016-Q2,70.03,30.15,39.88,7.02,5.74,27.11,4.57,22.54,1.12,21.42,17.37,23.85,6.62,17.23,7.11,105.66,30.91,53.7,56.94,38.71,24.8,24.6
Alphabet Inc.,GOOGL,Communication Services,2016,Q3,2016-Q3,74.11,36.92,37.19,5.9,4.83,26.47,5.55,20.92,0.87,20.06,15.72,21.17,5.6,15.57,7.38,126.61,32.67,69.17,50.19,35.71,21.22,21.01
Alphabet Inc.,GOOGL,Communication Services,2016,Q4,2016-Q4,76.8,35.18,41.62,8.34,6.82,26.47,3.47,22.99,1.5,21.49,16.94,19.56,3.41,16.15,7.71,144.06,19.29,99.15,54.2,34.46,22.06,21.03
Alphabet Inc.,GOOGL,Communication Services,2017,Q1,2017-Q1,70.78,31.12,39.66,7.07,5.79,26.8,4.83,21.96,0.53,21.43,17.32,20.24,5.96,14.28,11.3,128.6,28.54,62.8,56.03,37.86,24.48,20.18
Alphabet Inc.,GOOGL,Communication Services,2017,Q2,2017-Q2,75.32,44.32,31.0,5.82,4.76,20.41,3.35,17.06,0.68,16.38,13.37,17.66,7.25,10.41,6.38,102.34,21.52,49.97,41.16,27.1,17.75,13.83
Alphabet Inc.,GOOGL,Communication Services,2017,Q3,2017-Q3,78.69,39.48,39.21,5.37,4.4,29.44,3.61,25.82,1.56,24.27,18.26,19.54,7.64,11.9,12.33,183.22,22.54,137.79,49.83,37.41,23.2,15.13
Alphabet Inc.,GOOGL,Communication Services,2017,Q4,2017-Q4,83.38,45.03,38.35,6.14,5.03,27.18,3.43,23.74,0.8,22.94,17.68,19.96,6.7,13.26,16.37,110.23,29.33,53.22,46.0,32.6,21.21,15.9
Alphabet Inc.,GOOGL,Communication Services,2018,Q1,2018-Q1,79.65,33.65,46.0,8.29,6.78,30.92,5.86,25.07,1.53,23.54,18.18,24.81,6.14,18.67,14.68,154.67,12.67,123.86,57.75,38.82,22.82,23.44
Alphabet Inc.,GOOGL,Communication Services,2018,Q2,2018-Q2,83.1,45.07,38.03,6.47,5.29,26.27,5.51,20.75,0.91,19.84,15.37,19.1,6.6,12.49,16.61,104.93,36.83,34.7,45.76,31.61,18.49,15.03
Alphabet Inc.,GOOGL,Communication Services,2018,Q3,2018-Q3,89.19,50.64,38.55,8.67,7.09,22.79,6.2,16.59,1.62,14.97,11.85,17.71,7.14,10.57,15.78,195.41,34.73,128.2,43.22,25.55,13.29,11.85
Alphabet Inc.,GOOGL,Communication Services,2018,Q4,2018-Q4,93.23,38.12,55.11,8.94,7.32,38.85,3.75,35.1,0.92,34.18,27.15,31.06,7.62,23.44,11.81,166.25,20.63,127.61,59.11,41.67,29.12,25.14
Alphabet Inc.,GOOGL,Communication Services,2019,Q1,2019-Q1,84.05,33.42,50.64,8.34,6.82,35.48,5.61,29.87,1.2,28.67,22.58,28.22,7.72,20.5,11.96,153.23,13.25,128.82,60.24,42.21,26.86,24.39
Alphabet Inc.,GOOGL,Communication Services,2019,Q2,2019-Q2,89.45,42.55,46.9,8.76,7.17,30.97,5.49,25.49,1.26,24.22,18.57,27.19,7.43,19.76,17.41,109.46,18.67,81.31,52.43,34.63,20.76,22.09
Alphabet Inc.,GOOGL,Communication Services,2019,Q3,2019-Q3,96.52,57.48,39.04,7.66,6.27,25.11,7.44,17.67,0.57,17.1,12.9,20.16,4.45,15.71,13.35,148.04,22.73,106.97,40.45,26.01,13.37,16.28
Alphabet Inc.,GOOGL,Communication Services,2019,Q4,2019-Q4,102.14,52.03,50.11,8.49,6.95,34.67,6.58,28.09,1.61,26.49,21.21,28.11,4.83,23.27,10.39,213.0,20.88,170.72,49.06,33.95,20.77,22.79
Alphabet Inc.,GOOGL,Communication Services,2020,Q1,2020-Q1,94.88,38.49,56.39,9.22,7.55,39.62,4.77,34.85,1.84,33.01,25.95,33.99,6.93,27.06,8.08,191.94,41.31,105.12,59.43,41.76,27.35,28.52
Alphabet Inc.,GOOGL,Communication Services,2020,Q2,2020-Q2,100.68,59.63,41.06,7.91,6.47,26.68,4.88,21.8,1.43,20.37,16.12,24.74,9.46,15.28,12.32,151.83,38.68,83.18,40.78,26.5,16.01,15.18
Alphabet Inc.,GOOGL,Communication Services,2020,Q3,2020-Q3,106.93,51.51,55.42,10.98,8.99,35.45,4.69,30.77,1.54,29.23,23.05,29.54,5.36,24.19,18.01,248.26,22.99,211.57,51.83,33.15,21.55,22.62
Alphabet Inc.,GOOGL,Communication Services,2020,Q4,2020-Q4,106.85,57.07,49.79,10.62,8.69,30.48,6.61,23.87,0.91,22.96,18.2,26.69,7.46,19.23,21.21,147.17,38.31,74.22,46.59,28.52,17.03,17.99
Alphabet Inc.,GOOGL,Communication Services,2021,Q1,2021-Q1,102.3,56.49,45.81,10.65,8.71,26.45,8.15,18.3,0.71,17.59,14.3,25.3,7.64,17.66,11.55,133.32,17.97,90.29,44.78,25.85,13.98,17.26
Alphabet Inc.,GOOGL,Communication Services,2021,Q2,2021-Q2,106.32,48.66,57.67,8.34,6.83,42.5,5.76,36.74,0.64,36.1,28.29,31.44,9.36,22.08,11.49,202.23,44.02,107.55,54.24,39.97,26.6,20.76
Alphabet Inc.,GOOGL,Communication Services,2021,Q3,2021-Q3,115.26,52.77,62.49,9.72,7.95,44.82,7.7,37.12,2.29,34.83,26.94,36.33,9.66,26.66,15.65,147.32,36.73,57.05,54.22,38.89,23.38,23.13
Alphabet Inc.,GOOGL,Communication Services,2021,Q4,2021-Q4,118.26,64.52,53.74,9.11,7.46,37.17,7.27,29.91,0.76,29.14,22.98,33.85,7.2,26.65,18.9,264.21,50.63,176.38,45.44,31.43,19.43,22.54
Alphabet Inc.,GOOGL,Communication Services,2022,Q1,2022-Q1,111.98,46.65,65.33,13.5,11.05,40.78,8.63,32.15,1.47,30.68,23.35,33.29,8.67,24.62,10.16,244.32,21.09,195.27,58.34,36.42,20.85,21.99
Alphabet Inc.,GOOGL,Communication Services,2022,Q2,2022-Q2,120.79,66.45,54.35,8.21,6.72,39.41,6.3,33.12,1.08,32.04,25.46,28.98,11.62,17.36,17.69,192.93,32.5,129.64,44.99,32.63,21.08,14.37
Alphabet Inc.,GOOGL,Communication Services,2022,Q3,2022-Q3,126.89,63.92,62.97,14.79,12.1,36.08,7.6,28.48,2.52,25.95,19.74,25.64,12.16,13.48,11.92,287.12,33.52,207.4,49.62,28.43,15.55,10.63
Alphabet Inc.,GOOGL,Communication Services,2022,Q4,2022-Q4,135.17,77.51,57.66,14.8,12.11,30.76,7.05,23.71,0.84,22.87,18.11,22.98,11.04,11.94,16.43,333.65,46.27,226.19,42.66,22.76,13.4,8.83
Alphabet Inc.,GOOGL,Communication Services,2023,Q1,2023-Q1,120.81,70.9,49.91,14.1,11.54,24.26,7.19,17.08,1.7,15.37,11.78,17.04,8.48,8.56,15.44,167.96,31.44,118.65,41.31,20.08,9.75,7.09
Alphabet Inc.,GOOGL,Communication Services,2023,Q2,2023-Q2,126.54,52.19,74.35,15.05,12.32,46.98,7.84,39.14,2.47,36.67,28.96,36.16,8.9,27.26,16.8,169.23,43.31,94.91,58.76,37.12,22.88,21.54
Alphabet Inc.,GOOGL,Communication Services,2023,Q3,2023-Q3,139.3,74.67,64.63,10.36,8.47,45.79,5.91,39.88,2.33,37.55,29.58,31.97,13.89,18.08,12.11,293.02,62.0,185.19,46.4,32.87,21.24,12.98
Alphabet Inc.,GOOGL,Communication Services,2023,Q4,2023-Q4,141.91,58.06,83.85,11.73,9.6,62.52,6.25,56.27,2.18,54.08,44.11,51.89,14.16,37.73,25.21,283.78,34.32,210.88,59.09,44.05,31.09,26.58
Johnson & Johnson,JNJ,Healthcare,2015,Q1,2015-Q1,21.3,8.76,12.53,2.44,2.0,8.09,1.23,6.86,0.17,6.69,5.31,6.61,1.91,4.7,3.58,46.85,3.26,40.6,58.86,38.0,24.94,22.09
Johnson & Johnson,JNJ,Healthcare,2015,Q2,2015-Q2,22.53,8.66,13.86,1.81,1.48,10.57,1.59,8.99,0.16,8.83,6.91,8.21,0.92,7.29,2.45,55.61,8.8,33.98,61.54,46.94,30.67,32.36
Johnson & Johnson,JNJ,Healthcare,2015,Q3,2015-Q3,23.93,9.72,14.21,2.3,1.88,10.02,1.39,8.63,0.42,8.21,6.67,8.28,1.17,7.11,2.85,51.65,7.01,38.51,59.37,41.89,27.89,29.72
Johnson & Johnson,JNJ,Healthcare,2015,Q4,2015-Q4,24.95,12.23,12.72,2.72,2.23,7.77,1.89,5.88,0.48,5.39,4.13,5.9,2.03,3.87,3.31,38.2,10.04,22.76,50.97,31.12,16.54,15.5
Johnson & Johnson,JNJ,Healthcare,2016,Q1,2016-Q1,23.71,11.63,12.07,2.4,1.96,7.72,1.57,6.14,0.44,5.71,4.42,6.45,1.04,5.41,3.37,33.07,8.8,15.37,50.92,32.55,18.67,22.82
Johnson & Johnson,JNJ,Healthcare,2016,Q2,2016-Q2,24.67,9.62,15.05,1.74,1.43,11.88,1.69,10.19,0.15,10.04,8.18,9.16,2.4,6.75,4.16,40.93,5.9,30.03,61.0,48.15,33.15,27.38
Johnson & Johnson,JNJ,Healthcare,2016,Q3,2016-Q3,26.34,14.19,12.15,2.01,1.64,8.5,1.24,7.26,0.17,7.09,5.49,7.55,1.47,6.07,2.17,34.42,11.6,13.6,46.13,32.28,20.84,23.06
Johnson & Johnson,JNJ,Healthcare,2016,Q4,2016-Q4,27.61,14.63,12.98,2.4,1.97,8.61,1.33,7.28,0.19,7.09,5.51,7.72,2.17,5.55,3.97,34.64,12.16,6.68,47.01,31.19,19.96,20.11
Johnson & Johnson,JNJ,Healthcare,2017,Q1,2017-Q1,24.74,15.22,9.52,2.45,2.01,5.06,1.57,3.5,0.4,3.09,2.36,4.48,1.18,3.31,2.98,59.53,5.38,49.46,38.48,20.46,9.55,13.36
Johnson & Johnson,JNJ,Healthcare,2017,Q2,2017-Q2,26.3,12.77,13.53,2.62,2.15,8.77,2.04,6.72,0.23,6.49,5.27,6.94,2.45,4.49,4.14,41.34,10.38,16.82,51.45,33.32,20.04,17.07
Johnson & Johnson,JNJ,Healthcare,2017,Q3,2017-Q3,28.63,17.19,11.44,2.29,1.87,7.28,2.01,5.27,0.34,4.93,3.75,6.57,2.48,4.09,4.54,40.96,8.97,18.66,39.95,25.42,13.1,14.29
Johnson & Johnson,JNJ,Healthcare,2017,Q4,2017-Q4,30.18,11.78,18.4,2.27,1.85,14.28,1.37,12.91,0.48,12.43,9.48,10.46,2.12,8.34,5.46,64.96,9.44,45.24,60.96,47.32,31.43,27.63
Johnson & Johnson,JNJ,Healthcare,2018,Q1,2018-Q1,27.12,12.24,14.88,2.63,2.15,10.09,1.83,8.26,0.49,7.77,6.02,8.69,1.35,7.35,3.67,32.87,6.08,19.35,54.86,37.21,22.21,27.1
Johnson & Johnson,JNJ,Healthcare,2018,Q2,2018-Q2,29.42,11.88,17.54,2.59,2.12,12.83,2.12,10.71,0.24,10.47,8.18,11.14,2.26,8.88,3.02,48.9,11.33,25.62,59.62,43.6,27.81,30.18
Johnson & Johnson,JNJ,Healthcare,2018,Q3,2018-Q3,29.45,16.57,12.88,2.0,1.64,9.24,2.06,7.19,0.24,6.95,5.23,7.27,1.76,5.52,2.88,47.04,12.16,16.68,43.74,31.38,17.77,18.73
Johnson & Johnson,JNJ,Healthcare,2018,Q4,2018-Q4,31.57,15.4,16.17,3.34,2.73,10.11,2.38,7.72,0.44,7.29,5.77,8.25,2.58,5.67,2.54,63.31,8.1,44.72,51.23,32.01,18.29,17.96
Johnson & Johnson,JNJ,Healthcare,2019,Q1,2019-Q1,28.62,14.91,13.7,2.65,2.16,8.89,1.88,7.01,0.17,6.84,5.33,7.64,2.11,5.53,4.36,59.51,11.2,39.68,47.88,31.07,18.63,19.33
Johnson & Johnson,JNJ,Healthcare,2019,Q2,2019-Q2,31.53,15.75,15.78,2.21,1.81,11.75,1.34,10.42,0.32,10.1,7.73,9.9,2.75,7.15,4.48,55.88,6.12,44.69,50.04,37.27,24.51,22.67
Johnson & Johnson,JNJ,Healthcare,2019,Q3,2019-Q3,32.71,13.13,19.59,2.56,2.09,14.94,2.09,12.85,0.52,12.32,9.24,12.8,2.57,10.23,4.27,66.31,12.62,45.89,59.87,45.67,28.26,31.26
Johnson & Johnson,JNJ,Healthcare,2019,Q4,2019-Q4,34.25,19.92,14.33,2.98,2.44,8.91,2.15,6.75,0.47,6.28,5.07,7.19,2.06,5.13,2.85,42.18,13.68,17.92,41.84,26.01,14.8,14.98
Johnson & Johnson,JNJ,Healthcare,2020,Q1,2020-Q1,31.78,14.35,17.42,3.74,3.06,10.62,1.6,9.02,0.36,8.66,6.57,9.36,1.63,7.73,5.6,57.06,9.37,41.76,54.83,33.42,20.67,24.33
Johnson & Johnson,JNJ,Healthcare,2020,Q2,2020-Q2,32.63,18.1,14.53,3.04,2.49,8.99,1.88,7.12,0.52,6.6,5.06,6.37,2.5,3.87,3.14,71.02,11.32,43.2,44.53,27.56,15.5,11.86
Johnson & Johnson,JNJ,Healthcare,2020,Q3,2020-Q3,34.62,13.63,20.99,2.82,2.31,15.86,1.75,14.11,0.3,13.81,10.45,11.85,1.95,9.9,5.92,61.79,13.26,41.03,60.63,45.81,30.18,28.59
Johnson & Johnson,JNJ,Healthcare,2020,Q4,2020-Q4,37.24,14.45,22.79,2.59,2.12,18.09,2.84,15.25,0.26,14.98,11.73,14.67,2.27,12.41,7.0,45.74,13.0,13.72,61.19,48.57,31.49,33.32
Johnson & Johnson,JNJ,Healthcare,2021,Q1,2021-Q1,34.48,20.85,13.62,2.37,1.94,9.31,1.96,7.35,0.31,7.04,5.42,9.04,1.91,7.13,5.46,50.25,11.02,28.61,39.52,26.99,15.71,20.69
Johnson & Johnson,JNJ,Healthcare,2021,Q2,2021-Q2,37.25,19.59,17.65,3.17,2.6,11.88,1.66,10.22,0.27,9.95,8.0,9.29,3.39,5.9,5.49,70.04,6.87,53.83,47.4,31.9,21.49,15.85
Johnson & Johnson,JNJ,Healthcare,2021,Q3,2021-Q3,38.97,15.44,23.53,4.09,3.35,16.1,2.41,13.69,0.24,13.45,10.59,13.34,1.95,11.4,7.54,89.84,13.67,63.01,60.38,41.3,27.18,29.24
Johnson & Johnson,JNJ,Healthcare,2021,Q4,2021-Q4,40.11,21.51,18.6,3.85,3.15,11.6,1.7,9.9,0.51,9.39,7.17,9.14,1.73,7.41,6.99,58.64,9.13,43.44,46.38,28.92,17.87,18.48
Johnson & Johnson,JNJ,Healthcare,2022,Q1,2022-Q1,36.8,20.67,16.13,3.48,2.85,9.8,1.77,8.03,0.67,7.36,5.58,8.82,2.0,6.82,4.94,91.27,14.04,69.83,43.84,26.64,15.17,18.53
Johnson & Johnson,JNJ,Healthcare,2022,Q2,2022-Q2,38.17,18.76,19.42,4.43,3.62,11.37,2.35,9.02,0.48,8.54,6.94,10.15,3.41,6.74,4.8,84.3,16.77,55.72,50.87,29.77,18.18,17.66
Johnson & Johnson,JNJ,Healthcare,2022,Q3,2022-Q3,41.68,18.71,22.97,4.57,3.74,14.66,2.63,12.03,0.61,11.43,8.73,11.43,3.96,7.48,6.0,58.57,14.95,24.28,55.11,35.18,20.95,17.94
Johnson & Johnson,JNJ,Healthcare,2022,Q4,2022-Q4,43.16,25.28,17.88,5.0,4.09,8.79,2.2,6.59,0.85,5.73,4.64,6.25,2.2,4.05,8.08,88.51,8.44,72.12,41.43,20.37,10.76,9.38
Johnson & Johnson,JNJ,Healthcare,2023,Q1,2023-Q1,40.51,16.2,24.3,4.64,3.8,15.87,2.92,12.95,0.51,12.44,9.36,12.42,4.01,8.4,6.49,82.03,8.09,62.76,60.0,39.17,23.1,20.75
Johnson & Johnson,JNJ,Healthcare,2023,Q2,2023-Q2,42.23,17.69,24.54,2.82,2.3,19.42,2.63,16.78,0.55,16.24,12.5,16.87,1.89,14.98,7.09,60.97,17.21,21.06,58.11,45.98,29.59,35.48
Johnson & Johnson,JNJ,Healthcare,2023,Q3,2023-Q3,45.15,24.85,20.3,3.76,3.08,13.46,2.66,10.8,0.78,10.02,7.89,10.49,3.14,7.34,8.1,73.86,9.13,53.67,44.95,29.81,17.49,16.27
Johnson & Johnson,JNJ,Healthcare,2023,Q4,2023-Q4,48.15,19.46,28.69,3.81,3.12,21.76,2.2,19.56,0.49,19.07,15.03,18.67,3.81,14.87,7.44,79.84,19.38,41.64,59.58,45.19,31.22,30.87
JPMorgan Chase,JPM,Financials,2015,Q1,2015-Q1,29.68,12.18,17.5,3.06,2.51,11.93,1.57,10.36,0.45,9.91,8.07,9.17,2.71,6.46,3.18,67.91,6.94,53.04,58.97,40.21,27.21,21.77
JPMorgan Chase,JPM,Financials,2015,Q2,2015-Q2,31.4,15.8,15.61,2.6,2.13,10.88,1.52,9.36,0.17,9.18,7.33,9.56,3.02,6.53,5.79,68.95,12.14,42.68,49.7,34.64,23.36,20.8
JPMorgan Chase,JPM,Financials,2015,Q3,2015-Q3,32.49,19.42,13.07,3.34,2.73,6.99,2.03,4.96,0.22,4.75,3.74,5.99,2.98,3.01,4.73,55.05,14.39,31.87,40.23,21.52,11.52,9.26
JPMorgan Chase,JPM,Financials,2015,Q4,2015-Q4,34.4,13.42,20.98,3.67,3.0,14.31,2.64,11.67,0.32,11.35,8.63,11.04,3.26,7.78,5.86,77.27,5.35,64.11,60.99,41.59,25.08,22.62
JPMorgan Chase,JPM,Financials,2016,Q1,2016-Q1,33.37,15.12,18.25,3.72,3.05,11.48,1.71,9.77,0.6,9.16,7.44,10.03,2.42,7.61,3.06,50.54,5.13,40.44,54.69,34.39,22.3,22.81
JPMorgan Chase,JPM,Financials,2016,Q2,2016-Q2,34.3,17.96,16.34,2.82,2.31,11.2,1.78,9.42,0.55,8.87,7.24,10.47,3.13,7.35,5.49,67.61,14.33,43.47,47.64,32.67,21.11,21.42
JPMorgan Chase,JPM,Financials,2016,Q3,2016-Q3,35.93,15.72,20.21,3.94,3.22,13.04,1.49,11.56,0.49,11.06,8.3,11.17,2.56,8.61,3.15,81.95,11.85,62.82,56.25,36.31,23.1,23.96
JPMorgan Chase,JPM,Financials,2016,Q4,2016-Q4,37.71,22.56,15.15,3.88,3.17,8.1,2.76,5.34,0.69,4.65,3.63,6.82,2.48,4.34,4.45,66.55,14.41,36.26,40.17,21.48,9.63,11.5
JPMorgan Chase,JPM,Financials,2017,Q1,2017-Q1,37.69,18.33,19.36,3.75,3.06,12.55,2.46,10.09,0.52,9.56,7.37,9.42,2.67,6.75,3.49,64.06,11.17,40.03,51.36,33.29,19.56,17.91
JPMorgan Chase,JPM,Financials,2017,Q2,2017-Q2,39.87,20.9,18.97,4.26,3.49,11.22,2.4,8.82,0.58,8.24,6.72,8.73,2.46,6.27,5.45,50.21,7.66,36.61,47.58,28.15,16.85,15.74
JPMorgan Chase,JPM,Financials,2017,Q3,2017-Q3,42.39,19.48,22.91,3.92,3.21,15.78,2.03,13.75,0.6,13.15,10.53,11.98,3.01,8.97,3.42,51.29,9.14,37.24,54.05,37.23,24.83,21.17
JPMorgan Chase,JPM,Financials,2017,Q4,2017-Q4,42.21,19.47,22.74,4.65,3.8,14.28,2.65,11.63,0.54,11.09,8.87,13.4,2.69,10.71,3.82,84.5,7.77,70.16,53.87,33.84,21.01,25.37
JPMorgan Chase,JPM,Financials,2018,Q1,2018-Q1,41.19,24.3,16.9,3.84,3.14,9.92,2.8,7.12,0.82,6.3,5.11,7.58,2.62,4.96,5.38,71.44,17.4,32.93,41.02,24.08,12.39,12.03
JPMorgan Chase,JPM,Financials,2018,Q2,2018-Q2,43.7,19.85,23.85,4.86,3.98,15.0,3.42,11.59,0.76,10.83,8.88,13.21,1.88,11.33,4.85,55.82,14.47,24.18,54.58,34.34,20.32,25.93
JPMorgan Chase,JPM,Financials,2018,Q3,2018-Q3,45.03,21.26,23.77,4.1,3.36,16.31,2.47,13.85,0.31,13.54,10.71,14.53,1.99,12.53,4.04,74.81,19.48,32.57,52.79,36.23,23.77,27.83
JPMorgan Chase,JPM,Financials,2018,Q4,2018-Q4,48.86,22.81,26.05,4.82,3.94,17.28,1.97,15.31,0.71,14.6,11.04,13.94,4.52,9.43,8.15,66.28,20.56,34.08,53.31,35.38,22.59,19.29
JPMorgan Chase,JPM,Financials,2019,Q1,2019-Q1,46.14,19.11,27.03,3.08,2.52,21.44,2.62,18.82,0.43,18.38,14.45,17.82,1.97,15.85,4.37,88.88,11.67,62.86,58.59,46.47,31.31,34.36
JPMorgan Chase,JPM,Financials,2019,Q2,2019-Q2,48.99,28.56,20.43,5.1,4.17,11.16,2.8,8.36,0.74,7.62,6.1,8.63,4.28,4.35,6.54,109.65,19.44,63.82,41.71,22.78,12.45,8.89
JPMorgan Chase,JPM,Financials,2019,Q3,2019-Q3,52.84,25.55,27.3,4.41,3.61,19.27,3.34,15.93,0.56,15.37,11.96,16.7,4.3,12.4,6.6,74.87,14.75,50.64,51.66,36.47,22.62,23.47
JPMorgan Chase,JPM,Financials,2019,Q4,2019-Q4,55.32,25.61,29.71,4.12,3.37,22.21,2.27,19.95,0.81,19.13,14.84,16.95,2.45,14.5,7.15,88.77,19.54,47.63,53.7,40.15,26.82,26.21
JPMorgan Chase,JPM,Financials,2020,Q1,2020-Q1,51.08,22.08,29.0,6.15,5.03,17.82,2.97,14.85,0.78,14.07,11.4,14.82,2.13,12.69,7.18,125.31,13.55,104.46,56.77,34.89,22.31,24.85
JPMorgan Chase,JPM,Financials,2020,Q2,2020-Q2,52.77,24.97,27.8,3.95,3.23,20.63,2.16,18.47,0.86,17.6,13.87,15.67,4.96,10.71,4.96,128.9,12.89,98.12,52.69,39.09,26.28,20.29
JPMorgan Chase,JPM,Financials,2020,Q3,2020-Q3,58.01,33.55,24.46,6.97,5.7,11.79,2.99,8.8,1.13,7.67,6.08,9.12,3.51,5.61,8.41,81.24,18.34,43.8,42.16,20.32,10.48,9.68
JPMorgan Chase,JPM,Financials,2020,Q4,2020-Q4,61.4,35.62,25.78,5.54,4.53,15.71,3.2,12.51,0.55,11.97,9.65,11.29,3.72,7.57,6.9,150.83,19.48,114.84,41.99,25.59,15.72,12.33
JPMorgan Chase,JPM,Financials,2021,Q1,2021-Q1,57.87,23.92,33.95,5.23,4.28,24.43,3.76,20.67,0.71,19.95,15.8,22.43,5.37,17.06,8.96,112.28,19.46,79.18,58.66,42.22,27.3,29.48
JPMorgan Chase,JPM,Financials,2021,Q2,2021-Q2,60.34,23.5,36.84,5.56,4.55,26.73,3.72,23.0,0.51,22.5,16.93,23.23,5.03,18.21,8.69,140.65,11.42,114.5,61.05,44.3,28.06,30.17
JPMorgan Chase,JPM,Financials,2021,Q3,2021-Q3,63.03,35.96,27.06,5.12,4.19,17.76,4.73,13.03,1.21,11.82,9.57,14.74,6.23,8.51,8.7,146.38,20.59,107.78,42.94,28.18,15.19,13.51
JPMorgan Chase,JPM,Financials,2021,Q4,2021-Q4,66.74,28.62,38.12,7.2,5.89,25.03,3.7,21.33,0.85,20.48,16.09,20.87,6.14,14.74,13.19,115.45,26.58,55.26,57.12,37.5,24.11,22.08
JPMorgan Chase,JPM,Financials,2022,Q1,2022-Q1,64.69,39.43,25.26,4.98,4.08,16.2,2.87,13.33,1.15,12.18,9.62,14.93,6.05,8.87,5.66,151.92,18.4,114.92,39.05,25.05,14.86,13.72
JPMorgan Chase,JPM,Financials,2022,Q2,2022-Q2,68.42,41.21,27.21,4.59,3.75,18.87,4.04,14.83,1.05,13.78,10.6,16.38,3.29,13.09,7.93,114.01,26.78,66.39,39.77,27.58,15.49,19.13
JPMorgan Chase,JPM,Financials,2022,Q3,2022-Q3,70.85,43.21,27.65,4.71,3.85,19.08,5.66,13.42,1.07,12.35,9.41,14.62,2.9,11.72,11.94,161.86,26.37,118.54,39.02,26.93,13.28,16.54
JPMorgan Chase,JPM,Financials,2022,Q4,2022-Q4,76.76,43.33,33.42,7.85,6.42,19.16,5.42,13.74,1.36,12.38,9.62,13.28,5.32,7.97,6.86,132.77,20.89,100.06,43.55,24.96,12.53,10.38
JPMorgan Chase,JPM,Financials,2023,Q1,2023-Q1,71.37,29.02,42.35,7.88,6.45,28.02,5.56,22.46,0.43,22.02,16.59,22.99,4.14,18.85,6.37,132.1,27.72,70.92,59.34,39.25,23.24,26.41
JPMorgan Chase,JPM,Financials,2023,Q2,2023-Q2,73.89,29.37,44.52,6.51,5.33,32.68,3.83,28.85,0.63,28.22,22.59,28.95,7.08,21.87,9.5,175.71,18.21,139.72,60.25,44.22,30.57,29.6
JPMorgan Chase,JPM,Financials,2023,Q3,2023-Q3,79.31,42.33,36.98,9.51,7.78,19.7,5.09,14.61,0.82,13.79,10.68,14.17,7.4,6.77,11.13,141.51,25.84,86.61,46.63,24.84,13.47,8.54
JPMorgan Chase,JPM,Financials,2023,Q4,2023-Q4,82.38,44.8,37.58,6.53,5.35,25.7,5.65,20.05,1.43,18.62,14.22,21.04,5.87,15.18,8.0,181.89,19.06,143.83,45.62,31.2,17.27,18.42
Exxon Mobil,XOM,Energy,2015,Q1,2015-Q1,89.53,47.55,41.98,6.18,5.05,30.75,6.26,24.49,0.87,23.61,19.36,26.6,3.83,22.77,10.13,189.72,15.11,154.36,46.89,34.35,21.63,25.43
Exxon Mobil,XOM,Energy,2015,Q2,2015-Q2,93.64,41.13,52.51,10.0,8.18,34.34,4.93,29.41,0.61,28.79,22.89,27.03,8.48,18.55,11.01,208.41,39.1,132.8,56.08,36.67,24.44,19.81
Exxon Mobil,XOM,Energy,2015,Q3,2015-Q3,105.01,49.41,55.59,12.5,10.23,32.87,4.58,28.3,1.61,26.69,20.96,25.64,8.19,17.46,17.27,126.6,21.01,80.11,52.94,31.3,19.96,16.62
Exxon Mobil,XOM,Energy,2015,Q4,2015-Q4,108.53,66.41,42.13,11.71,9.58,20.84,8.47,12.37,1.69,10.69,8.54,14.67,9.43,5.24,17.07,137.04,28.0,68.24,38.81,19.2,7.87,4.82
Exxon Mobil,XOM,Energy,2016,Q1,2016-Q1,97.29,47.07,50.21,8.87,7.26,34.09,4.7,29.38,1.02,28.36,22.52,24.71,8.37,16.34,12.65,220.73,39.41,153.25,51.61,35.04,23.15,16.8
Exxon Mobil,XOM,Energy,2016,Q2,2016-Q2,103.54,51.08,52.46,11.85,9.69,30.92,5.04,25.89,1.57,24.32,18.9,23.28,4.99,18.29,16.38,223.66,25.33,169.32,50.67,29.86,18.26,17.66
Exxon Mobil,XOM,Energy,2016,Q3,2016-Q3,108.23,59.65,48.58,8.33,6.81,33.43,8.18,25.25,1.01,24.24,19.25,24.69,5.05,19.64,15.36,167.53,43.36,101.85,44.88,30.89,17.79,18.15
Exxon Mobil,XOM,Energy,2016,Q4,2016-Q4,113.37,52.26,61.11,7.6,6.22,47.29,5.1,42.19,1.27,40.92,32.14,37.51,8.15,29.36,17.17,137.51,32.79,56.73,53.9,41.71,28.35,25.9
Exxon Mobil,XOM,Energy,2017,Q1,2017-Q1,103.51,56.16,47.34,8.61,7.04,31.69,7.34,24.35,1.72,22.63,17.73,30.05,4.92,25.13,8.49,227.84,40.59,162.07,45.74,30.62,17.13,24.28
Exxon Mobil,XOM,Energy,2017,Q2,2017-Q2,107.47,41.29,66.18,8.83,7.22,50.13,7.62,42.51,1.37,41.14,32.73,40.32,4.31,36.02,12.46,219.29,47.53,107.73,61.58,46.65,30.45,33.51
Exxon Mobil,XOM,Energy,2017,Q3,2017-Q3,112.44,66.98,45.46,12.26,10.03,23.17,8.01,15.16,1.33,13.82,10.95,18.31,4.94,13.37,12.07,170.97,33.19,96.37,40.43,20.6,9.74,11.89
Exxon Mobil,XOM,Energy,2017,Q4,2017-Q4,121.18,47.73,73.45,14.38,11.77,47.3,9.42,37.88,2.03,35.85,26.91,37.97,11.85,26.12,10.79,203.02,26.37,158.3,60.61,39.03,22.21,21.56
Exxon Mobil,XOM,Energy,2018,Q1,2018-Q1,107.51,56.91,50.59,11.72,9.59,29.29,6.79,22.51,0.77,21.73,16.59,25.62,6.8,18.81,17.3,165.33,27.26,99.43,47.06,27.25,15.43,17.5
Exxon Mobil,XOM,Energy,2018,Q2,2018-Q2,114.39,56.37,58.02,13.15,10.76,34.11,7.81,26.3,0.68,25.62,20.74,25.2,8.91,16.29,15.3,157.23,50.03,55.69,50.72,29.82,18.13,14.24
Exxon Mobil,XOM,Energy,2018,Q3,2018-Q3,121.11,60.57,60.54,12.52,10.24,37.77,5.21,32.56,1.1,31.45,24.02,30.05,8.82,21.23,15.98,152.24,24.19,105.18,49.99,31.19,19.83,17.53
Exxon Mobil,XOM,Energy,2018,Q4,2018-Q4,126.73,49.68,77.05,14.24,11.65,51.15,10.04,41.11,2.14,38.97,29.63,38.32,12.37,25.95,13.13,308.83,56.83,183.13,60.8,40.36,23.38,20.47
Exxon Mobil,XOM,Energy,2019,Q1,2019-Q1,120.14,62.07,58.06,9.64,7.89,40.53,6.91,33.62,1.67,31.95,26.04,35.32,11.88,23.44,12.35,267.95,50.74,143.95,48.33,33.74,21.67,19.51
Exxon Mobil,XOM,Energy,2019,Q2,2019-Q2,126.51,63.91,62.6,15.15,12.4,35.06,8.89,26.17,0.94,25.23,19.84,32.21,6.94,25.27,19.85,261.45,25.15,209.51,49.48,27.71,15.69,19.98
Exxon Mobil,XOM,Energy,2019,Q3,2019-Q3,132.86,66.39,66.46,8.86,7.25,50.36,5.36,45.0,1.38,43.62,32.94,36.75,10.37,26.38,14.17,214.99,53.73,95.23,50.03,37.91,24.79,19.85
Exxon Mobil,XOM,Energy,2019,Q4,2019-Q4,133.75,64.59,69.16,9.04,7.4,52.72,7.92,44.8,2.0,42.8,34.74,41.74,8.54,33.2,25.46,333.2,21.86,283.76,51.71,39.42,25.98,24.82
Exxon Mobil,XOM,Energy,2020,Q1,2020-Q1,123.14,58.39,64.75,13.24,10.83,40.68,9.45,31.23,2.37,28.86,22.5,31.77,10.74,21.03,13.56,238.06,31.72,169.66,52.58,33.04,18.27,17.08
Exxon Mobil,XOM,Energy,2020,Q2,2020-Q2,128.8,54.87,73.93,15.01,12.28,46.65,5.68,40.97,1.62,39.35,31.66,33.87,5.43,28.44,13.01,299.69,30.23,225.6,57.4,36.22,24.58,22.08
Exxon Mobil,XOM,Energy,2020,Q3,2020-Q3,139.61,67.68,71.93,13.67,11.18,47.08,8.47,38.61,2.29,36.32,29.06,37.29,13.07,24.22,27.03,329.53,38.51,241.71,51.52,33.72,20.82,17.34
Exxon Mobil,XOM,Energy,2020,Q4,2020-Q4,145.47,72.65,72.82,11.24,9.2,52.39,9.26,43.13,1.13,41.99,33.46,48.31,7.63,40.68,12.88,187.61,62.88,61.42,50.06,36.01,23.0,27.96
Exxon Mobil,XOM,Energy,2021,Q1,2021-Q1,131.16,75.37,55.8,14.69,12.02,29.09,6.99,22.1,2.02,20.08,15.38,25.31,6.44,18.87,24.28,249.32,30.79,190.04,42.54,22.18,11.73,14.39
Exxon Mobil,XOM,Energy,2021,Q2,2021-Q2,135.19,55.52,79.67,14.61,11.96,53.1,5.41,47.69,1.52,46.17,36.17,38.11,13.3,24.81,14.48,215.69,32.61,159.27,58.93,39.28,26.75,18.35
Exxon Mobil,XOM,Energy,2021,Q3,2021-Q3,143.23,79.5,63.73,17.07,13.97,32.7,7.01,25.68,2.14,23.54,18.08,30.52,9.36,21.16,16.67,232.45,52.11,111.73,44.5,22.83,12.62,14.77
Exxon Mobil,XOM,Energy,2021,Q4,2021-Q4,151.86,71.23,80.63,17.56,14.36,48.71,10.97,37.74,3.0,34.74,26.65,37.84,11.46,26.39,24.19,197.72,47.58,92.59,53.1,32.08,17.55,17.38
Exxon Mobil,XOM,Energy,2022,Q1,2022-Q1,137.36,77.93,59.43,13.48,11.03,34.93,10.73,24.2,0.77,23.43,18.77,31.99,7.94,24.05,22.76,300.36,24.83,250.36,43.26,25.43,13.67,17.51
Exxon Mobil,XOM,Energy,2022,Q2,2022-Q2,147.85,69.29,78.56,17.34,14.19,47.03,10.81,36.22,2.29,33.93,26.13,37.96,14.08,23.88,24.15,317.53,60.4,210.38,53.14,31.81,17.67,16.15
Exxon Mobil,XOM,Energy,2022,Q3,2022-Q3,159.8,68.21,91.59,13.58,11.11,66.89,8.54,58.36,3.14,55.21,41.96,54.67,13.36,41.31,23.56,388.51,47.76,298.7,57.31,41.86,26.26,25.85
Exxon Mobil,XOM,Energy,2022,Q4,2022-Q4,161.2,91.67,69.53,17.15,14.03,38.34,8.93,29.42,0.87,28.55,21.74,25.97,13.25,12.72,31.67,285.16,35.54,206.79,43.13,23.79,13.48,7.89
Exxon Mobil,XOM,Energy,2023,Q1,2023-Q1,151.78,77.58,74.2,18.09,14.8,41.31,6.38,34.92,1.91,33.01,25.41,37.72,7.7,30.01,26.71,291.2,40.82,224.58,48.89,27.22,16.74,19.77
Exxon Mobil,XOM,Energy,2023,Q2,2023-Q2,160.48,67.04,93.44,13.33,10.9,69.21,8.28,60.93,2.9,58.03,44.85,58.55,8.83,49.72,24.87,311.86,64.17,157.47,58.23,43.13,27.95,30.98
Exxon Mobil,XOM,Energy,2023,Q3,2023-Q3,161.88,87.7,74.18,11.15,9.12,53.91,10.03,43.88,1.51,42.38,33.84,43.58,12.51,31.07,19.44,348.44,43.93,279.55,45.82,33.31,20.9,19.2
Exxon Mobil,XOM,Energy,2023,Q4,2023-Q4,177.83,79.77,98.06,15.97,13.07,69.02,11.99,57.03,1.78,55.26,45.09,57.07,17.19,39.88,27.92,368.62,60.41,266.0,55.14,38.81,25.36,22.42
Procter & Gamble,PG,Consumer Staples,2015,Q1,2015-Q1,18.68,7.55,11.13,1.52,1.24,8.37,0.95,7.41,0.21,7.2,5.41,5.9,1.33,4.57,1.9,45.98,3.44,39.44,59.57,44.79,28.95,24.49
Procter & Gamble,PG,Consumer Staples,2015,Q2,2015-Q2,19.68,10.8,8.87,1.76,1.44,5.68,1.06,4.62,0.22,4.4,3.53,4.32,1.36,2.97,2.21,30.97,6.83,14.11,45.09,28.86,17.94,15.07
Procter & Gamble,PG,Consumer Staples,2015,Q3,2015-Q3,20.73,8.26,12.47,1.45,1.19,9.82,1.62,8.21,0.2,8.01,6.52,8.51,1.6,6.9,3.27,32.08,3.2,24.18,60.15,47.4,31.44,33.3
Procter & Gamble,PG,Consumer Staples,2015,Q4,2015-Q4,21.28,11.54,9.74,2.23,1.83,5.68,1.37,4.31,0.21,4.11,3.29,5.04,1.96,3.08,4.12,28.46,4.18,18.24,45.78,26.71,15.46,14.48
Procter & Gamble,PG,Consumer Staples,2016,Q1,2016-Q1,20.03,11.86,8.17,1.55,1.26,5.36,1.27,4.09,0.31,3.78,2.92,4.25,0.82,3.43,3.0,30.63,5.71,16.6,40.81,26.78,14.58,17.11
Procter & Gamble,PG,Consumer Staples,2016,Q2,2016-Q2,20.7,12.04,8.66,1.58,1.29,5.79,1.38,4.4,0.41,4.0,3.25,4.03,1.37,2.66,1.89,44.98,8.78,27.99,41.84,27.96,15.69,12.85
Procter & Gamble,PG,Consumer Staples,2016,Q3,2016-Q3,21.79,10.55,11.24,2.31,1.89,7.05,0.88,6.17,0.3,5.87,4.56,5.9,1.19,4.71,3.61,28.74,4.57,17.87,51.57,32.34,20.92,21.6
Procter & Gamble,PG,Consumer Staples,2016,Q4,2016-Q4,23.52,9.01,14.5,1.87,1.53,11.1,1.14,9.96,0.21,9.74,7.82,8.37,1.59,6.79,3.95,46.77,8.28,33.69,61.67,47.19,33.25,28.85
Procter & Gamble,PG,Consumer Staples,2017,Q1,2017-Q1,21.78,12.66,9.12,2.4,1.96,4.75,1.59,3.16,0.41,2.75,2.15,3.43,1.68,1.76,3.68,47.02,6.67,36.56,41.88,21.83,9.88,8.07
Procter & Gamble,PG,Consumer Staples,2017,Q2,2017-Q2,22.18,13.33,8.85,2.18,1.78,4.89,1.36,3.53,0.2,3.33,2.64,4.93,1.77,3.16,3.87,39.72,7.52,26.57,39.9,22.06,11.91,14.23
Procter & Gamble,PG,Consumer Staples,2017,Q3,2017-Q3,24.03,11.6,12.43,2.17,1.78,8.49,1.59,6.9,0.46,6.44,5.25,7.7,1.38,6.32,3.2,29.52,5.77,17.96,51.74,35.31,21.86,26.31
Procter & Gamble,PG,Consumer Staples,2017,Q4,2017-Q4,24.23,12.06,12.17,2.83,2.32,7.01,1.07,5.94,0.4,5.54,4.39,6.0,1.35,4.65,2.4,34.13,4.15,27.14,50.21,28.94,18.1,19.2
Procter & Gamble,PG,Consumer Staples,2018,Q1,2018-Q1,22.98,13.6,9.39,2.55,2.08,4.76,1.55,3.21,0.15,3.06,2.44,3.87,1.26,2.61,3.26,43.58,5.91,32.63,40.84,20.7,10.63,11.35
Procter & Gamble,PG,Consumer Staples,2018,Q2,2018-Q2,24.47,13.93,10.54,2.03,1.66,6.85,1.87,4.97,0.47,4.5,3.59,5.42,1.72,3.7,4.72,57.24,4.42,48.87,43.06,27.98,14.66,15.12
Procter & Gamble,PG,Consumer Staples,2018,Q3,2018-Q3,25.56,12.8,12.76,1.96,1.6,9.2,1.9,7.3,0.39,6.91,5.26,8.15,2.17,5.98,3.39,50.97,5.06,39.96,49.92,35.99,20.58,23.4
Procter & Gamble,PG,Consumer Staples,2018,Q4,2018-Q4,26.2,14.32,11.88,2.06,1.69,8.14,1.17,6.96,0.2,6.77,5.55,7.44,2.2,5.24,3.72,36.94,4.59,29.97,45.35,31.05,21.18,20.0
Procter & Gamble,PG,Consumer Staples,2019,Q1,2019-Q1,23.94,14.22,9.73,1.9,1.55,6.27,1.3,4.98,0.16,4.82,3.88,5.45,1.83,3.62,2.62,30.53,6.4,19.43,40.62,26.2,16.19,15.12
Procter & Gamble,PG,Consumer Staples,2019,Q2,2019-Q2,25.33,15.46,9.87,2.53,2.07,5.27,1.58,3.69,0.28,3.41,2.69,4.6,2.07,2.53,4.16,36.05,7.6,21.52,38.96,20.8,10.62,10.0
Procter & Gamble,PG,Consumer Staples,2019,Q3,2019-Q3,27.96,14.86,13.1,2.66,2.18,8.25,1.25,7.01,0.39,6.61,5.37,6.53,1.36,5.17,4.56,41.05,7.48,23.13,46.85,29.52,19.2,18.5
Procter & Gamble,PG,Consumer Staples,2019,Q4,2019-Q4,28.17,14.14,14.03,2.51,2.05,9.47,1.15,8.32,0.48,7.85,6.4,7.77,2.07,5.69,4.38,59.03,6.37,49.42,49.81,33.62,22.71,20.21
Procter & Gamble,PG,Consumer Staples,2020,Q1,2020-Q1,26.58,13.52,13.06,2.98,2.44,7.65,1.94,5.71,0.47,5.24,4.12,5.97,2.33,3.65,3.57,38.23,10.8,12.49,49.14,28.78,15.51,13.72
Procter & Gamble,PG,Consumer Staples,2020,Q2,2020-Q2,27.6,10.99,16.61,2.41,1.97,12.23,1.99,10.24,0.51,9.72,7.84,9.15,2.56,6.59,3.5,52.55,12.15,33.51,60.18,44.3,28.39,23.88
Procter & Gamble,PG,Consumer Staples,2020,Q3,2020-Q3,29.62,11.78,17.84,2.57,2.1,13.17,2.14,11.04,0.34,10.7,8.02,10.6,1.76,8.84,3.15,49.05,7.75,36.88,60.22,44.47,27.08,29.84
Procter & Gamble,PG,Consumer Staples,2020,Q4,2020-Q4,30.55,15.01,15.54,3.23,2.64,9.66,2.02,7.64,0.48,7.16,5.87,7.51,2.43,5.07,4.22,36.87,11.95,9.7,50.86,31.63,19.21,16.61
Procter & Gamble,PG,Consumer Staples,2021,Q1,2021-Q1,28.24,11.18,17.06,3.05,2.5,11.5,1.79,9.71,0.47,9.24,7.09,9.85,2.01,7.84,2.73,58.52,9.49,37.24,60.4,40.74,25.12,27.77
Procter & Gamble,PG,Consumer Staples,2021,Q2,2021-Q2,29.1,12.42,16.68,3.35,2.74,10.6,2.04,8.56,0.54,8.02,6.15,8.7,2.31,6.4,5.43,56.81,9.88,40.44,57.32,36.42,21.13,21.98
Procter & Gamble,PG,Consumer Staples,2021,Q3,2021-Q3,31.47,17.37,14.1,2.55,2.08,9.47,1.51,7.96,0.31,7.65,6.15,7.26,2.06,5.2,5.95,58.51,6.49,48.27,44.81,30.1,19.53,16.51
Procter & Gamble,PG,Consumer Staples,2021,Q4,2021-Q4,33.44,15.78,17.66,3.72,3.04,10.9,2.22,8.68,0.57,8.11,6.5,9.57,1.87,7.7,6.44,67.79,8.27,53.16,52.81,32.59,19.43,23.03
Procter & Gamble,PG,Consumer Staples,2022,Q1,2022-Q1,29.66,16.22,13.45,2.31,1.89,9.24,1.89,7.34,0.27,7.08,5.48,8.41,2.57,5.84,5.08,42.83,5.24,31.32,45.33,31.14,18.46,19.69
Procter & Gamble,PG,Consumer Staples,2022,Q2,2022-Q2,31.61,15.29,16.32,2.14,1.75,12.43,1.59,10.84,0.17,10.66,8.09,9.35,2.32,7.02,2.68,65.34,7.81,46.63,51.62,39.31,25.58,22.22
Procter & Gamble,PG,Consumer Staples,2022,Q3,2022-Q3,34.62,15.86,18.76,4.0,3.27,11.49,2.76,8.72,0.6,8.12,6.18,8.6,2.58,6.01,3.05,45.82,15.57,17.38,54.19,33.18,17.85,17.37
Procter & Gamble,PG,Consumer Staples,2022,Q4,2022-Q4,36.01,20.65,15.35,4.08,3.33,7.94,2.88,5.07,0.31,4.76,3.89,6.87,1.72,5.15,2.98,60.08,13.87,31.43,42.64,22.06,10.79,14.29
Procter & Gamble,PG,Consumer Staples,2023,Q1,2023-Q1,32.08,17.23,14.85,2.53,2.07,10.26,1.3,8.96,0.53,8.43,6.54,8.84,1.36,7.48,5.79,64.33,10.23,42.59,46.3,31.98,20.4,23.32
Procter & Gamble,PG,Consumer Staples,2023,Q2,2023-Q2,34.95,18.21,16.75,3.42,2.8,10.52,2.78,7.74,0.57,7.17,5.66,9.37,2.21,7.15,3.76,69.07,14.98,32.69,47.91,30.1,16.18,20.47
Procter & Gamble,PG,Consumer Staples,2023,Q3,2023-Q3,35.98,18.23,17.75,2.79,2.29,12.67,2.87,9.8,0.71,9.09,7.04,11.15,2.98,8.17,5.44,45.67,10.31,23.26,49.34,35.22,19.57,22.7
Procter & Gamble,PG,Consumer Staples,2023,Q4,2023-Q4,38.49,18.07,20.42,4.53,3.71,12.17,1.8,10.38,0.48,9.9,7.64,10.42,3.04,7.39,4.35,54.01,13.12,26.47,53.05,31.63,19.84,19.19
Visa Inc.,V,Financials,2015,Q1,2015-Q1,6.75,3.3,3.45,0.69,0.57,2.19,0.5,1.69,0.05,1.64,1.34,2.06,0.52,1.54,1.11,15.46,2.64,8.97,51.08,32.4,19.89,22.81
Visa Inc.,V,Financials,2015,Q2,2015-Q2,7.05,3.5,3.54,0.62,0.51,2.41,0.33,2.09,0.1,1.99,1.6,2.23,0.53,1.7,1.07,11.71,1.17,9.92,50.28,34.26,22.64,24.13
Visa Inc.,V,Financials,2015,Q3,2015-Q3,7.43,2.98,4.46,0.74,0.6,3.11,0.56,2.56,0.14,2.42,1.87,2.33,0.68,1.65,1.39,10.82,2.76,5.89,59.97,41.9,25.19,22.23
Visa Inc.,V,Financials,2015,Q4,2015-Q4,7.97,4.94,3.03,0.54,0.44,2.05,0.61,1.45,0.11,1.33,1.0,1.67,0.72,0.94,0.7,13.04,1.36,9.68,38.07,25.77,12.59,11.81
Visa Inc.,V,Financials,2016,Q1,2016-Q1,7.17,4.19,2.98,0.84,0.69,1.44,0.31,1.13,0.08,1.06,0.86,1.08,0.39,0.69,0.98,11.1,1.29,8.95,41.54,20.16,12.01,9.66
Visa Inc.,V,Financials,2016,Q2,2016-Q2,7.26,4.45,2.8,0.78,0.64,1.38,0.57,0.81,0.08,0.73,0.58,1.4,0.43,0.97,0.84,10.9,1.37,8.49,38.65,19.05,8.02,13.32
Visa Inc.,V,Financials,2016,Q3,2016-Q3,7.81,4.23,3.58,0.54,0.44,2.59,0.38,2.21,0.13,2.08,1.68,2.04,0.72,1.32,0.77,10.21,2.31,6.05,45.82,33.2,21.57,16.97
Visa Inc.,V,Financials,2016,Q4,2016-Q4,8.29,4.75,3.54,0.61,0.5,2.43,0.52,1.91,0.1,1.8,1.46,2.15,0.47,1.68,1.15,10.83,2.39,6.52,42.71,29.34,17.62,20.29
Visa Inc.,V,Financials,2017,Q1,2017-Q1,7.56,2.98,4.58,0.67,0.55,3.36,0.44,2.92,0.12,2.8,2.18,2.8,0.65,2.15,1.39,12.15,2.35,6.65,60.63,44.45,28.87,28.38
Visa Inc.,V,Financials,2017,Q2,2017-Q2,8.05,4.78,3.27,0.7,0.57,2.01,0.38,1.62,0.1,1.52,1.17,1.63,0.56,1.07,1.45,13.44,3.28,7.18,40.65,24.94,14.53,13.36
Visa Inc.,V,Financials,2017,Q3,2017-Q3,8.22,4.02,4.2,0.89,0.73,2.59,0.37,2.22,0.07,2.15,1.62,1.86,0.61,1.25,1.23,15.09,2.82,10.21,51.1,31.48,19.72,15.23
Visa Inc.,V,Financials,2017,Q4,2017-Q4,8.73,4.1,4.63,0.89,0.73,3.01,0.4,2.61,0.12,2.49,2.01,2.34,0.46,1.88,0.89,19.85,2.06,14.86,53.07,34.45,23.02,21.51
Visa Inc.,V,Financials,2018,Q1,2018-Q1,8.04,4.16,3.88,0.59,0.49,2.8,0.44,2.36,0.14,2.22,1.77,2.02,0.59,1.43,1.46,17.96,1.63,14.43,48.29,34.86,21.97,17.83
Visa Inc.,V,Financials,2018,Q2,2018-Q2,8.1,3.5,4.6,0.92,0.76,2.92,0.41,2.51,0.07,2.44,2.0,2.73,0.71,2.02,1.26,17.63,1.59,14.53,56.76,36.02,24.7,24.91
Visa Inc.,V,Financials,2018,Q3,2018-Q3,8.67,3.49,5.18,0.8,0.66,3.72,0.67,3.05,0.05,3.01,2.4,2.95,0.47,2.48,1.64,15.69,2.51,10.0,59.75,42.89,27.7,28.62
Visa Inc.,V,Financials,2018,Q4,2018-Q4,8.99,4.47,4.52,0.81,0.66,3.06,0.57,2.48,0.18,2.3,1.76,2.35,0.81,1.55,0.9,11.14,1.9,7.64,50.31,34.01,19.63,17.23
Visa Inc.,V,Financials,2019,Q1,2019-Q1,8.25,4.35,3.9,0.96,0.78,2.16,0.5,1.66,0.1,1.55,1.27,1.54,0.6,0.94,1.09,18.9,1.63,16.4,47.24,26.13,15.38,11.39
Visa Inc.,V,Financials,2019,Q2,2019-Q2,8.66,3.79,4.88,0.6,0.49,3.8,0.6,3.2,0.06,3.14,2.44,2.97,0.44,2.54,1.09,19.42,2.32,14.2,56.3,43.8,28.17,29.28
Visa Inc.,V,Financials,2019,Q3,2019-Q3,9.02,5.1,3.92,0.71,0.58,2.62,0.61,2.02,0.12,1.9,1.43,2.05,0.4,1.65,0.74,20.52,2.77,14.21,43.45,29.08,15.87,18.28
Visa Inc.,V,Financials,2019,Q4,2019-Q4,9.52,4.41,5.11,0.64,0.53,3.94,0.75,3.2,0.14,3.05,2.3,2.97,0.73,2.24,1.54,15.36,3.85,5.93,53.72,41.42,24.2,23.5
Visa Inc.,V,Financials,2020,Q1,2020-Q1,8.89,4.96,3.94,0.72,0.59,2.62,0.46,2.17,0.17,1.99,1.63,2.33,0.73,1.6,1.38,22.11,2.17,18.13,44.26,29.49,18.37,17.98
Visa Inc.,V,Financials,2020,Q2,2020-Q2,8.93,4.34,4.59,0.72,0.59,3.28,0.48,2.8,0.16,2.65,2.0,2.34,0.56,1.79,1.71,11.44,1.59,8.8,51.37,36.76,22.36,19.99
Visa Inc.,V,Financials,2020,Q3,2020-Q3,9.79,4.07,5.71,1.17,0.95,3.59,0.57,3.03,0.12,2.9,2.33,2.97,0.78,2.19,1.66,21.33,3.16,13.72,58.39,36.71,23.82,22.4
Visa Inc.,V,Financials,2020,Q4,2020-Q4,10.4,5.84,4.56,0.72,0.59,3.25,0.42,2.83,0.09,2.75,2.13,2.57,0.67,1.91,1.94,24.58,4.4,16.61,43.83,31.27,20.44,18.35
Visa Inc.,V,Financials,2021,Q1,2021-Q1,9.27,4.13,5.14,0.71,0.58,3.85,0.44,3.41,0.09,3.32,2.62,3.4,0.44,2.96,1.56,17.52,2.19,13.16,55.48,41.57,28.3,31.96
Visa Inc.,V,Financials,2021,Q2,2021-Q2,9.54,4.99,4.55,0.86,0.7,2.99,0.44,2.55,0.06,2.48,1.94,2.79,0.58,2.21,1.6,19.63,4.1,10.11,47.69,31.36,20.34,23.16
Visa Inc.,V,Financials,2021,Q3,2021-Q3,10.3,5.54,4.76,1.19,0.97,2.6,0.58,2.02,0.1,1.92,1.57,2.52,0.91,1.62,0.95,20.08,2.98,15.26,46.23,25.25,15.29,15.69
Visa Inc.,V,Financials,2021,Q4,2021-Q4,11.07,4.78,6.29,0.77,0.63,4.89,0.71,4.18,0.18,4.0,3.27,4.23,0.8,3.44,1.02,15.76,3.55,9.39,56.85,44.17,29.59,31.05
Visa Inc.,V,Financials,2022,Q1,2022-Q1,9.91,5.72,4.2,1.19,0.97,2.03,0.5,1.53,0.19,1.34,1.06,1.54,0.43,1.11,0.86,20.82,2.85,15.9,42.35,20.51,10.68,11.2
Visa Inc.,V,Financials,2022,Q2,2022-Q2,10.26,4.52,5.74,1.0,0.82,3.91,0.56,3.36,0.18,3.18,2.42,3.06,0.63,2.44,1.27,23.05,2.55,18.69,55.93,38.16,23.63,23.78
Visa Inc.,V,Financials,2022,Q3,2022-Q3,10.55,5.19,5.36,0.98,0.8,3.58,0.78,2.81,0.09,2.72,2.16,3.3,0.94,2.36,1.33,18.95,2.54,12.77,50.8,33.98,20.45,22.34
Visa Inc.,V,Financials,2022,Q4,2022-Q4,11.08,6.69,4.39,1.15,0.94,2.3,0.68,1.62,0.06,1.56,1.23,1.94,0.55,1.38,1.76,27.29,3.53,19.47,39.59,20.75,11.07,12.49
Visa Inc.,V,Financials,2023,Q1,2023-Q1,9.92,4.77,5.16,0.72,0.59,3.85,0.64,3.21,0.19,3.02,2.34,2.74,0.61,2.13,1.45,17.11,3.97,7.92,51.98,38.81,23.56,21.5
Visa Inc.,V,Financials,2023,Q2,2023-Q2,10.81,5.08,5.73,0.87,0.71,4.16,0.48,3.68,0.11,3.57,2.82,3.56,0.86,2.7,0.96,18.53,2.21,14.87,53.04,38.48,26.13,25.01
Visa Inc.,V,Financials,2023,Q3,2023-Q3,11.63,4.54,7.09,1.04,0.85,5.21,0.54,4.67,0.21,4.45,3.48,3.89,0.82,3.07,1.95,28.44,2.51,22.44,60.99,44.8,29.92,26.43
Visa Inc.,V,Financials,2023,Q4,2023-Q4,12.27,7.36,4.91,1.24,1.01,2.66,0.8,1.86,0.14,1.72,1.32,2.27,0.99,1.28,1.61,26.39,4.87,18.36,40.01,21.65,10.76,10.47
Walmart Inc.,WMT,Consumer Staples,2015,Q1,2015-Q1,131.88,76.85,55.03,11.83,9.68,33.52,7.27,26.24,2.47,23.77,19.08,31.3,9.11,22.2,18.69,211.14,42.45,133.65,41.73,25.42,14.46,16.83
Walmart Inc.,WMT,Consumer Staples,2015,Q2,2015-Q2,134.88,60.06,74.82,8.95,7.32,58.55,10.67,47.87,2.63,45.25,35.85,50.34,8.19,42.14,21.65,303.07,58.54,191.84,55.47,43.41,26.58,31.25
Walmart Inc.,WMT,Consumer Staples,2015,Q3,2015-Q3,149.79,66.48,83.31,18.05,14.76,50.5,6.15,44.36,2.11,42.25,32.7,42.59,7.07,35.52,28.85,215.03,50.45,128.12,55.62,33.71,21.83,23.71
Walmart Inc.,WMT,Consumer Staples,2015,Q4,2015-Q4,152.65,78.03,74.62,13.58,11.11,49.94,7.08,42.85,1.15,41.7,32.97,44.73,14.33,30.39,13.75,261.2,27.49,219.51,48.88,32.71,21.6,19.91
Walmart Inc.,WMT,Consumer Staples,2016,Q1,2016-Q1,147.0,77.12,69.89,11.02,9.02,49.85,7.25,42.59,0.79,41.81,31.84,46.15,7.07,39.07,15.84,342.36,62.91,221.6,47.54,33.91,21.66,26.58
Walmart Inc.,WMT,Consumer Staples,2016,Q2,2016-Q2,149.36,58.17,91.19,14.57,11.92,64.7,8.32,56.37,0.81,55.56,43.29,47.27,13.03,34.24,17.44,187.05,48.77,94.51,61.05,43.32,28.99,22.92
Walmart Inc.,WMT,Consumer Staples,2016,Q3,2016-Q3,167.63,85.59,82.04,13.6,11.13,57.31,11.46,45.85,1.52,44.32,33.54,45.0,12.24,32.76,14.43,294.02,67.0,139.53,48.94,34.19,20.01,19.54
Walmart Inc.,WMT,Consumer Staples,2016,Q4,2016-Q4,168.08,72.99,95.09,18.65,15.26,61.18,12.98,48.2,1.08,47.12,37.16,49.63,15.5,34.13,15.13,247.83,63.16,149.86,56.57,36.4,22.11,20.3
Walmart Inc.,WMT,Consumer Staples,2017,Q1,2017-Q1,161.04,78.28,82.76,13.59,11.12,58.05,8.98,49.06,2.09,46.98,37.99,49.51,14.22,35.29,27.57,225.47,31.37,170.01,51.39,36.05,23.59,21.91
Walmart Inc.,WMT,Consumer Staples,2017,Q2,2017-Q2,168.45,80.53,87.93,17.42,14.25,56.26,7.12,49.14,0.93,48.21,38.21,49.67,8.69,40.98,26.44,259.04,70.05,91.23,52.2,33.4,22.68,24.33
Walmart Inc.,WMT,Consumer Staples,2017,Q3,2017-Q3,178.18,77.55,100.64,15.79,12.92,71.93,8.84,63.09,2.69,60.4,46.03,59.12,15.94,43.18,22.74,250.03,66.17,126.91,56.48,40.37,25.84,24.24
Walmart Inc.,WMT,Consumer Staples,2017,Q4,2017-Q4,191.08,85.02,106.06,13.46,11.02,81.58,15.23,66.35,1.4,64.94,48.76,73.2,16.74,56.45,30.41,372.82,78.31,232.69,55.5,42.69,25.52,29.54
Walmart Inc.,WMT,Consumer Staples,2018,Q1,2018-Q1,177.95,94.07,83.88,15.77,12.9,55.2,10.16,45.04,1.77,43.27,33.77,50.71,9.27,41.44,34.19,372.95,70.64,227.69,47.13,31.02,18.98,23.29
Walmart Inc.,WMT,Consumer Staples,2018,Q2,2018-Q2,191.14,73.37,117.76,21.22,17.36,79.18,7.95,71.23,3.51,67.72,50.83,57.55,10.06,47.49,32.85,292.23,78.3,166.73,61.61,41.43,26.59,24.85
Walmart Inc.,WMT,Consumer Staples,2018,Q3,2018-Q3,195.13,120.01,75.13,20.11,16.45,38.56,14.42,24.15,1.92,22.22,17.17,35.01,14.87,20.14,31.59,380.11,54.39,283.52,38.5,19.76,8.8,10.32
Walmart Inc.,WMT,Consumer Staples,2018,Q4,2018-Q4,212.67,92.37,120.31,22.14,18.11,80.06,10.49,69.57,3.06,66.51,51.06,58.9,9.27,49.62,20.36,422.75,86.1,289.73,56.57,37.65,24.01,23.33
Walmart Inc.,WMT,Consumer Staples,2019,Q1,2019-Q1,200.08,92.42,107.66,18.47,15.11,74.08,15.44,58.64,2.0,56.64,44.6,54.25,8.98,45.27,22.21,247.34,67.91,116.52,53.81,37.02,22.29,22.63
Walmart Inc.,WMT,Consumer Staples,2019,Q2,2019-Q2,208.63,88.02,120.61,17.17,14.04,89.4,13.88,75.51,4.06,71.45,58.33,80.82,15.57,65.26,30.81,386.04,35.64,329.38,57.81,42.85,27.96,31.28
Walmart Inc.,WMT,Consumer Staples,2019,Q3,2019-Q3,222.23,102.63,119.6,25.88,21.17,72.55,12.5,60.04,1.59,58.45,45.01,56.06,15.9,40.16,36.39,526.77,86.15,339.28,53.82,32.64,20.25,18.07
Walmart Inc.,WMT,Consumer Staples,2019,Q4,2019-Q4,234.12,142.11,92.0,19.26,15.76,56.98,9.38,47.61,2.13,45.48,36.6,51.35,18.27,33.08,35.4,285.88,86.3,128.51,39.3,24.34,15.63,14.13
Walmart Inc.,WMT,Consumer Staples,2020,Q1,2020-Q1,220.51,113.25,107.26,18.71,15.31,73.24,10.01,63.23,1.41,61.82,47.09,66.69,17.42,49.27,20.38,379.85,81.3,194.51,48.64,33.21,21.36,22.34
Walmart Inc.,WMT,Consumer Staples,2020,Q2,2020-Q2,224.94,85.48,139.46,23.66,19.36,96.45,12.21,84.24,1.98,82.26,67.38,82.56,20.48,62.07,43.84,435.36,68.46,326.85,62.0,42.88,29.95,27.6
Walmart Inc.,WMT,Consumer Staples,2020,Q3,2020-Q3,245.17,115.52,129.65,24.37,19.94,85.34,13.62,71.72,2.11,69.61,56.62,69.06,11.23,57.83,24.82,608.89,69.44,467.79,52.88,34.81,23.09,23.59
Walmart Inc.,WMT,Consumer Staples,2020,Q4,2020-Q4,262.06,162.2,99.86,25.7,21.02,53.14,19.0,34.15,2.6,31.55,25.2,44.78,21.06,23.72,42.42,421.87,49.78,315.72,38.11,20.28,9.61,9.05
Walmart Inc.,WMT,Consumer Staples,2021,Q1,2021-Q1,236.24,122.57,113.67,24.6,20.13,68.94,16.07,52.87,3.85,49.02,37.2,55.63,19.8,35.83,36.45,340.81,37.26,274.32,48.12,29.18,15.75,15.17
Walmart Inc.,WMT,Consumer Staples,2021,Q2,2021-Q2,253.89,134.08,119.81,28.63,23.42,67.76,12.15,55.61,1.75,53.87,40.54,47.26,17.44,29.82,38.15,483.35,44.64,413.85,47.19,26.69,15.97,11.75
Walmart Inc.,WMT,Consumer Staples,2021,Q3,2021-Q3,264.12,137.48,126.63,25.34,20.73,80.56,13.03,67.53,3.85,63.68,48.56,54.55,18.46,36.09,42.98,403.57,64.0,268.29,47.95,30.5,18.39,13.67
Walmart Inc.,WMT,Consumer Staples,2021,Q4,2021-Q4,290.42,166.81,123.61,28.48,23.3,71.82,20.1,51.72,3.04,48.68,37.73,59.95,14.93,45.03,47.69,558.6,74.81,378.21,42.56,24.73,12.99,15.5
Walmart Inc.,WMT,Consumer Staples,2022,Q1,2022-Q1,259.71,118.37,141.34,17.95,14.69,108.69,18.35,90.34,4.03,86.31,68.77,93.37,16.56,76.81,44.35,464.99,71.08,291.94,54.42,41.85,26.48,29.58
Walmart Inc.,WMT,Consumer Staples,2022,Q2,2022-Q2,277.71,113.56,164.15,27.26,22.3,114.6,21.88,92.72,2.96,89.76,73.21,94.29,19.54,74.75,27.61,570.85,124.78,327.3,59.11,41.26,26.36,26.92
Walmart Inc.,WMT,Consumer Staples,2022,Q3,2022-Q3,296.76,141.31,155.45,21.47,17.56,116.42,22.35,94.07,3.33,90.74,71.94,101.06,19.74,81.32,46.82,379.81,116.96,94.38,52.38,39.23,24.24,27.4
Walmart Inc.,WMT,Consumer Staples,2022,Q4,2022-Q4,316.7,192.9,123.8,23.54,19.26,81.0,18.72,62.28,4.44,57.84,45.07,64.46,19.09,45.37,30.16,541.32,62.96,400.65,39.09,25.58,14.23,14.33
Walmart Inc.,WMT,Consumer Staples,2023,Q1,2023-Q1,290.74,114.57,176.17,28.02,22.93,125.22,18.55,106.67,5.26,101.42,79.06,96.93,25.64,71.29,42.11,378.85,92.97,154.99,60.59,43.07,27.19,24.52
Walmart Inc.,WMT,Consumer Staples,2023,Q2,2023-Q2,310.05,139.87,170.18,22.91,18.74,128.53,14.28,114.25,3.56,110.68,86.14,93.12,29.88,63.24,52.9,608.51,123.56,413.25,54.89,41.45,27.78,20.4
Walmart Inc.,WMT,Consumer Staples,2023,Q3,2023-Q3,330.83,175.74,155.08,36.91,30.2,87.97,23.6,64.37,3.03,61.34,46.26,63.23,30.6,32.62,65.01,473.18,121.29,286.37,46.88,26.59,13.98,9.86
Walmart Inc.,WMT,Consumer Staples,2023,Q4,2023-Q4,345.4,174.05,171.35,33.83,27.68,109.85,26.75,83.1,5.21,77.89,61.25,100.0,33.51,66.49,28.55,855.65,60.73,715.09,49.61,31.8,17.73,19.25
